"","Pvalor","PlotID"
"1","0.01","5.11.A.1"
"2","0.15","5.13.A.1"
"3","0.07","5.69.A.1"
"4","0.07","5.72.A.1"
"5","0","5.109.A.1"
"6","0.04","5.114.A.1"
"7","0","5.129.A.4"
"8","0.03","5.136.A.1"
"9","0.03","5.145.A.1"
"10","0.04","5.169.A.1"
"11","0.03","5.203.A.1"
"12","0.01","5.218.A.1"
"13","0.13","5.233.A.1"
"14","0.01","5.243.A.1"
"15","0","5.256.A.1"
"16","0.14","5.261.A.1"
"17","0.04","5.276.A.1"
"18","0.02","5.279.A.1"
"19","0.52","5.283.A.1"
"20","0","5.289.A.1"
"21","0","5.290.A.1"
"22","0.03","5.293.A.1"
"23","0","5.296.A.1"
"24","0.03","5.300.A.4"
"25","0","5.308.A.1"
"26","0.02","5.313.A.1"
"27","0.07","5.319.A.1"
"28","0.04","5.329.A.1"
"29","0","5.341.A.1"
"30","0","5.347.A.1"
"31","0.03","5.349.A.1"
"32","0","5.350.A.1"
"33","0","5.351.A.1"
"34","0.09","5.353.A.1"
"35","0.01","5.354.A.1"
"36","0.24","5.355.A.1"
"37","0.29","5.356.A.1"
"38","0","5.357.A.1"
"39","0.07","5.358.A.1"
"40","0.02","5.360.A.1"
"41","0.35","5.361.A.1"
"42","0.08","5.362.A.1"
"43","0","5.364.A.1"
"44","0","5.390.A.1"
"45","0","5.394.A.1"
"46","0","5.401.A.1"
"47","0.01","5.409.A.1"
"48","0","5.411.A.1"
"49","0","5.421.A.4"
"50","0","5.425.A.1"
"51","0.13","5.427.A.1"
"52","0.4","5.434.A.1"
"53","0.1","5.435.A.1"
"54","0","5.459.A.1"
"55","0","5.463.A.1"
"56","0.01","5.468.A.1"
"57","0.04","5.481.A.1"
"58","0","5.485.A.1"
"59","0","5.486.A.1"
"60","0","5.487.A.1"
"61","0.24","5.489.A.1"
"62","0","5.494.A.1"
"63","0.09","5.499.A.1"
"64","0.11","5.505.A.1"
"65","0.01","5.506.A.1"
"66","0.25","5.512.A.1"
"67","0.15","5.515.A.1"
"68","0","5.528.A.1"
"69","0.07","5.535.A.1"
"70","0.01","5.538.A.1"
"71","0.12","5.544.A.1"
"72","0.03","5.555.A.1"
"73","0.19","5.562.A.1"
"74","0.07","5.570.A.1"
"75","0.03","5.577.A.1"
"76","0.61","5.578.A.1"
"77","0.04","5.583.A.1"
"78","0.23","5.584.A.1"
"79","0","5.586.A.1"
"80","0","5.587.A.1"
"81","0.04","5.589.A.1"
"82","0.29","5.590.A.1"
"83","0","5.620.A.1"
"84","0","5.625.A.1"
"85","0","5.628.A.1"
"86","0.02","5.630.A.1"
"87","0.01","5.637.A.1"
"88","0.1","5.638.A.1"
"89","0","5.650.A.1"
"90","0","5.655.A.1"
"91","0","5.658.A.1"
"92","0","5.661.A.1"
"93","0.03","5.669.A.1"
"94","0","5.670.A.1"
"95","0.11","5.673.A.4"
"96","0.06","5.675.A.1"
"97","0.07","5.677.A.1"
"98","0","5.682.A.1"
"99","0","5.683.A.1"
"100","0.02","5.684.A.1"
"101","0","5.690.A.1"
"102","0","5.695.A.4"
"103","0","5.699.A.1"
"104","0","5.704.A.1"
"105","0","5.707.A.1"
"106","0","5.708.A.1"
"107","0.04","5.714.A.1"
"108","0.01","5.715.A.1"
"109","0.41","5.717.A.1"
"110","0.15","5.718.A.1"
"111","0.11","5.719.A.1"
"112","0.04","5.720.A.4"
"113","0.07","5.721.A.4"
"114","0","5.723.A.1"
"115","0","5.726.A.1"
"116","0.02","5.727.A.1"
"117","0.01","5.730.A.1"
"118","0","5.733.A.1"
"119","0.04","5.735.A.1"
"120","0.05","5.741.A.1"
"121","0","5.765.A.1"
"122","0.17","5.789.A.1"
"123","0.02","5.790.A.1"
"124","0.02","5.792.A.1"
"125","0","5.793.A.1"
"126","0.01","5.807.A.1"
"127","0","5.809.A.1"
"128","0.11","5.810.A.1"
"129","0","5.812.A.1"
"130","0.03","5.818.A.1"
"131","0","5.822.A.1"
"132","0.29","5.825.A.1"
"133","0.05","5.826.A.1"
"134","0.02","5.829.A.1"
"135","0.01","5.841.A.1"
"136","0","5.845.A.1"
"137","0","5.849.A.1"
"138","0","5.852.A.4"
"139","0.01","5.853.A.1"
"140","0.01","5.857.A.1"
"141","0.07","5.860.A.1"
"142","0","5.864.A.4"
"143","0","5.871.A.1"
"144","0.04","5.874.A.1"
"145","0.01","5.875.A.1"
"146","0.02","5.878.A.1"
"147","0","5.882.A.1"
"148","0.17","5.886.A.1"
"149","0.02","5.888.A.1"
"150","0.06","5.901.A.1"
"151","0.08","5.931.A.1"
"152","0.31","5.932.A.1"
"153","0","5.935.A.1"
"154","0","5.938.A.1"
"155","0.01","5.941.A.1"
"156","0.08","5.943.A.1"
"157","0","5.945.A.1"
"158","0","5.947.A.1"
"159","0","5.948.A.1"
"160","0.07","5.950.A.1"
"161","0","5.952.A.1"
"162","0.02","5.959.A.1"
"163","0","5.960.A.1"
"164","0.18","5.963.A.1"
"165","0.04","5.967.A.1"
"166","0.01","5.968.A.1"
"167","0","5.969.A.1"
"168","0.06","5.972.A.1"
"169","0","5.978.A.1"
"170","0.07","5.979.A.1"
"171","0.03","5.984.A.1"
"172","0","5.985.A.1"
"173","0","5.989.A.4C"
"174","0","5.991.A.1"
"175","0","5.995.A.1"
"176","0.09","5.999.A.1"
"177","0.05","5.1001.A.1"
"178","0.01","5.1003.A.1"
"179","0.01","5.1004.A.1"
"180","0","5.1015.A.4"
"181","0","5.1016.A.1"
"182","0","5.1017.A.4"
"183","0.05","5.1019.A.1"
"184","0","5.1022.A.1"
"185","0.17","5.1024.A.1"
"186","0","5.1027.A.1"
"187","0.07","5.1028.A.1"
"188","0.06","5.1030.A.1"
"189","0.17","5.1035.A.1"
"190","0.03","5.1038.A.1"
"191","0.02","5.1047.A.1"
"192","0.04","5.1048.A.1"
"193","0.09","5.1053.A.1"
"194","0.07","5.1056.A.1"
"195","0","5.1057.A.1"
"196","0","5.1067.A.1"
"197","0.05","5.1070.A.1"
"198","0.03","5.1071.A.1"
"199","0.1","5.1078.A.1"
"200","0.31","5.1080.A.1"
"201","0.01","5.1081.A.1"
"202","0.02","5.1089.A.4"
"203","0.01","5.1097.A.1"
"204","0.09","5.1106.A.1"
"205","0.2","5.1108.A.1"
"206","0","5.1112.A.1"
"207","0","5.1115.A.1"
"208","0.01","5.1127.A.1"
"209","0","5.1133.A.4"
"210","0.16","5.1134.A.1"
"211","0.01","5.1136.A.1"
"212","0","5.1146.A.1"
"213","0.13","5.1147.A.1"
"214","0.23","5.1152.A.1"
"215","0","5.1156.A.1"
"216","0.02","5.1158.A.1"
"217","0.33","5.1160.A.1"
"218","0.02","5.1161.A.1"
"219","0.16","5.1162.A.1"
"220","0.01","5.1163.A.1"
"221","0","5.1165.A.1"
"222","0.18","5.1167.A.1"
"223","0","5.1176.A.1"
"224","0.01","5.1178.A.1"
"225","0.01","5.1183.A.4"
"226","0.02","5.1185.A.1"
"227","0","5.1192.A.6C"
"228","0","5.1194.A.4"
"229","0","5.1200.A.4"
"230","0.01","5.1203.A.4"
"231","0","5.1204.A.1"
"232","0.14","5.1205.A.1"
"233","0","5.1208.A.1"
"234","0","5.1213.A.1"
"235","0.06","5.1214.A.1"
"236","0.08","5.1217.A.1"
"237","0.43","5.1230.A.1"
"238","0.03","5.1237.A.1"
"239","0","5.1240.A.4"
"240","0","5.1246.A.1"
"241","0","5.1247.A.1"
"242","0","5.1249.A.1"
"243","0","5.1250.A.1"
"244","0.01","5.1252.A.1"
"245","0.02","5.1259.A.1"
"246","0.07","5.1261.A.1"
"247","0.02","5.1262.A.1"
"248","0.62","5.1263.A.1"
"249","0.22","5.1270.A.4"
"250","0","5.1273.A.1"
"251","0.03","5.1291.A.1"
"252","0","5.1299.A.4"
"253","0","5.1300.A.4"
"254","0","5.1302.A.1"
"255","0.42","5.1305.A.1"
"256","0.11","5.1311.A.1"
"257","0","5.1315.A.1"
"258","0","5.1316.A.1"
"259","0.01","5.1318.A.1"
"260","0.01","5.1324.A.1"
"261","0","5.1327.A.1"
"262","0","5.1331.A.1"
"263","0.17","5.1333.A.1"
"264","0","5.1348.A.4"
"265","0.29","5.1352.A.1"
"266","0.01","5.1368.A.1"
"267","0.02","5.1380.A.1"
"268","0","5.2000.A.1"
"269","0.08","5.2004.1.1"
"270","0.08","5.2004.A.1"
"271","0","5.2005.A.4"
"272","0.01","5.2006.1.1"
"273","0.08","5.2006.A.1"
"274","0.04","5.2044.A.1"
"275","0.08","5.2047.A.1"
"276","0.07","5.2072.A.1"
"277","0.21","5.2077.A.1"
"278","0.1","5.2078.A.1"
"279","0","5.2092.A.1"
"280","0.09","5.2161.A.1"
"281","0.12","5.2162.A.1"
"282","0.03","5.2163.A.1"
"283","0.14","5.2169.A.1"
"284","0","5.2171.A.1"
"285","0.02","5.2189.A.1"
"286","0","5.2196.A.1"
"287","0.03","5.2199.A.1"
"288","0.01","5.2201.1.1"
"289","0.01","5.2210.A.1"
"290","0","5.2219.A.1"
"291","0.04","5.2230.A.1"
"292","0","5.2232.A.1"
"293","0.07","5.2233.A.1"
"294","0","5.2255.A.1"
"295","0","5.2259.A.1"
"296","0","5.2273.A.1"
"297","0.03","5.2289.A.1"
"298","0.05","5.2291.A.1"
"299","0.02","5.2299.A.1"
"300","0","5.2311.A.1"
"301","0.07","5.2313.A.1"
"302","0.49","5.2315.A.1"
"303","0.2","5.2317.A.4"
"304","0","5.2332.A.4C"
"305","0.03","5.2335.A.1"
"306","0.03","5.2338.A.1"
"307","0.04","5.2343.A.1"
"308","0","5.2346.A.1"
"309","0.02","5.2351.A.1"
"310","0.3","5.2382.A.1"
"311","0","5.2404.A.1"
"312","0","5.2416.A.1"
"313","0","5.2429.A.4"
"314","0.06","5.2430.A.1"
"315","0","5.2435.A.1"
"316","0","5.2436.A.1"
"317","0.03","5.2442.A.1"
"318","0.01","5.2448.A.1"
"319","0","5.2464.A.4"
"320","0.02","5.2466.A.1"
"321","0","5.2467.A.1"
"322","0.05","5.2469.A.1"
"323","0.03","5.2472.1.1"
"324","0","5.2477.A.1"
"325","0.03","5.2482.A.4"
"326","0","5.2486.A.1"
"327","0.01","5.2487.A.1"
"328","0.02","5.2491.A.1"
"329","0.4","5.2492.A.4"
"330","0","5.2502.A.1"
"331","0.05","5.2508.A.1"
"332","0.06","5.2514.A.1"
"333","0.25","5.2521.A.1"
"334","0","5.2535.A.1"
"335","0","5.2539.A.1"
"336","0","5.2544.A.1"
"337","0.1","5.2546.A.1"
"338","0","5.2550.A.1"
"339","0.05","5.2551.A.1"
"340","0","5.2559.A.1"
"341","0.03","5.2567.A.1"
"342","0.01","5.2569.A.1"
"343","0.01","5.2571.A.1"
"344","0.26","5.2576.A.1"
"345","0","5.2579.A.1"
"346","0.24","5.2586.A.1"
"347","0.01","5.2588.A.1"
"348","0.05","5.2625.A.1"
"349","0.1","5.2631.A.1"
"350","0.15","5.2636.A.1"
"351","0","5.2642.A.1"
"352","0","5.2643.A.1"
"353","0","5.2703.N.N"
"354","0.14","5.2705.N.N"
"355","0","5.2712.N.N"
"356","0","5.2718.N.N"
"357","0","5.2724.N.N"
"358","0","5.2738.N.N"
"359","0.07","5.2744.N.N"
"360","0","5.2754.N.N"
"361","0.04","5.2759.N.N"
"362","0","5.2771.N.N"
"363","0.08","5.2774.N.N"
"364","0","9.6.A.4"
"365","0.11","9.8.1.1"
"366","0","9.13.1.1"
"367","0.01","9.15.1.4"
"368","0.07","9.15.A.4"
"369","0","9.17.A.1"
"370","0.02","9.20.A.1"
"371","0","9.21.A.1"
"372","0.02","9.22.A.1"
"373","0.02","9.23.A.4"
"374","0","9.28.A.1"
"375","0","9.31.A.4"
"376","0.14","9.33.A.1"
"377","0","9.57.A.1"
"378","0.03","9.59.A.1"
"379","0","9.60.A.4"
"380","0.01","9.73.A.1"
"381","0","9.82.A.1"
"382","0.16","9.83.A.1"
"383","0","9.91.A.1"
"384","0","9.96.A.1"
"385","0.05","9.99.A.1"
"386","0.02","9.112.A.1"
"387","0","9.114.A.1"
"388","0","9.116.A.1"
"389","0","9.120.A.1"
"390","0","9.127.1.1"
"391","0.01","9.134.1.4"
"392","0","9.134.A.4"
"393","0.01","9.140.1.1"
"394","0.16","9.140.A.1"
"395","0.04","9.141.1.1"
"396","0","9.141.A.1"
"397","0","9.144.A.1"
"398","0.25","9.157.A.1"
"399","0.06","9.158.A.1"
"400","0","9.160.A.4"
"401","0.06","9.162.A.1"
"402","0.3","9.164.A.1"
"403","0","9.165.1.1"
"404","0","9.165.A.1"
"405","0","9.169.A.1"
"406","0","9.185.A.1"
"407","0","9.186.A.1"
"408","0","9.187.A.1"
"409","0","9.189.A.4"
"410","0.01","9.193.A.1"
"411","0.07","9.199.1.1"
"412","0","9.201.A.1"
"413","0.19","9.202.A.1"
"414","0","9.210.A.1"
"415","0","9.213.A.1"
"416","0.03","9.218.A.1"
"417","0","9.222.A.1"
"418","0.01","9.224.A.1"
"419","0","9.230.A.1"
"420","0.01","9.233.A.1"
"421","0","9.235.A.1"
"422","0.03","9.236.A.1"
"423","0","9.250.A.1"
"424","0","9.273.A.1"
"425","0.01","9.299.A.1"
"426","0.1","9.300.A.1"
"427","0","9.305.A.1"
"428","0","9.314.A.1"
"429","0.19","9.318.A.4"
"430","0","9.338.A.1"
"431","0","9.358.A.1"
"432","0","9.372.A.1"
"433","0","9.374.A.1"
"434","0.13","9.379.A.1"
"435","0","9.382.A.1"
"436","0","9.389.A.1"
"437","0","9.416.A.1"
"438","0.01","9.417.A.1"
"439","0.01","9.425.A.1"
"440","0","9.427.A.1"
"441","0","9.433.A.1"
"442","0","9.434.A.1"
"443","0.04","9.438.A.1"
"444","0","9.439.A.1"
"445","0.01","9.441.A.1"
"446","0","9.447.A.1"
"447","0","9.457.A.1"
"448","0","9.458.A.1"
"449","0.01","9.460.A.1"
"450","0.01","9.461.A.1"
"451","0","9.478.A.1"
"452","0","9.479.A.1"
"453","0.24","9.480.A.1"
"454","0.06","9.489.A.1"
"455","0","9.491.A.1"
"456","0","9.499.A.1"
"457","0.04","9.504.A.1"
"458","0.05","9.506.A.1"
"459","0.02","9.509.A.1"
"460","0.12","9.551.A.1"
"461","0","9.552.A.1"
"462","0","9.557.A.1"
"463","0.06","9.558.A.1"
"464","0.19","9.559.A.1"
"465","0","9.563.A.1"
"466","0","9.565.A.1"
"467","0.02","9.567.A.1"
"468","0","9.569.A.1"
"469","0.13","9.574.A.1"
"470","0","9.597.A.4"
"471","0.01","9.598.A.1"
"472","0.02","9.600.A.1"
"473","0.01","9.609.A.4"
"474","0.05","9.610.A.1"
"475","0","9.614.A.1"
"476","0","9.616.A.4"
"477","0.04","9.619.A.1"
"478","0","9.620.A.4"
"479","0","9.622.A.1"
"480","0","9.624.A.1"
"481","0.22","9.625.A.1"
"482","0.01","9.634.A.1"
"483","0.05","9.639.A.1"
"484","0.02","9.641.A.1"
"485","0","9.642.A.1"
"486","0","9.655.A.1"
"487","0","9.663.A.1"
"488","0","9.668.A.1"
"489","0.01","9.669.A.1"
"490","0.01","9.671.A.1"
"491","0","9.679.A.1"
"492","0","9.681.A.1"
"493","0.03","9.682.A.1"
"494","0","9.683.A.1"
"495","0","9.688.A.1"
"496","0","9.702.A.1"
"497","0","9.706.A.1"
"498","0.12","9.710.A.1"
"499","0.02","9.711.A.1"
"500","0","9.712.A.4"
"501","0.04","9.714.A.1"
"502","0.01","9.727.A.1"
"503","0","9.733.A.1"
"504","0","9.748.A.1"
"505","0","9.751.A.1"
"506","0.02","9.757.A.1"
"507","0.05","9.758.A.1"
"508","0.05","9.766.A.1"
"509","0","9.772.A.1"
"510","0","9.773.A.1"
"511","0.02","9.775.A.1"
"512","0","9.776.A.1"
"513","0","9.777.A.1"
"514","0.01","9.778.A.4"
"515","0","9.791.A.1"
"516","0.08","9.792.A.1"
"517","0","9.794.A.1"
"518","0.06","9.798.A.1"
"519","0","9.800.A.1"
"520","0","9.803.A.1"
"521","0","9.804.A.1"
"522","0","9.811.A.1"
"523","0","9.816.A.1"
"524","0","9.820.A.1"
"525","0","9.823.A.4C"
"526","0.02","9.824.A.1"
"527","0.04","9.826.A.1"
"528","0.01","9.827.A.1"
"529","0.15","9.832.A.1"
"530","0","9.841.A.1"
"531","0","9.848.A.1"
"532","0","9.849.A.1"
"533","0.02","9.850.A.1"
"534","0.03","9.852.A.1"
"535","0","9.858.A.1"
"536","0.14","9.873.A.1"
"537","0.11","9.880.A.1"
"538","0","9.883.A.1"
"539","0","9.890.A.1"
"540","0.01","9.894.A.1"
"541","0","9.895.A.1"
"542","0","9.905.A.1"
"543","0","9.907.A.1"
"544","0","9.918.A.1"
"545","0","9.926.A.1"
"546","0","9.951.A.1"
"547","0","9.958.A.1"
"548","0","9.962.A.1"
"549","0","9.964.A.1"
"550","0.04","9.970.A.1"
"551","0","9.972.A.1"
"552","0","9.985.A.1"
"553","0","9.991.A.1"
"554","0.01","9.1001.A.1"
"555","0","9.1006.A.1"
"556","0","9.1021.A.1"
"557","0","9.1023.A.1"
"558","0","9.1045.A.1"
"559","0.04","9.1046.A.1"
"560","0","9.1050.A.1"
"561","0","9.1107.A.1"
"562","0","9.1109.A.1"
"563","0.04","9.1118.A.1"
"564","0.28","9.1121.A.1"
"565","0","9.1134.A.1"
"566","0","9.1136.A.1"
"567","0.17","9.1138.A.1"
"568","0.01","9.1150.A.1"
"569","0.02","9.1152.A.1"
"570","0","9.1158.A.1"
"571","0","9.1162.A.1"
"572","0","9.1171.A.1"
"573","0","9.1172.A.1"
"574","0","9.1203.A.4"
"575","0.1","9.1204.A.1"
"576","0","9.1205.A.1"
"577","0.07","9.1211.A.1"
"578","0.01","9.1212.A.1"
"579","0","9.1219.A.4"
"580","0.09","9.1221.A.1"
"581","0","9.1224.A.1"
"582","0","9.1233.A.1"
"583","0","9.1237.A.1"
"584","0","9.1239.A.1"
"585","0","9.1242.A.1"
"586","0","9.1246.A.1"
"587","0","9.1247.A.1"
"588","0","9.1250.A.1"
"589","0.01","9.1255.A.1"
"590","0","9.1257.A.1"
"591","0","9.1259.A.1"
"592","0","9.1265.A.1"
"593","0","9.1269.A.1"
"594","0.02","9.1273.A.1"
"595","0","9.1274.A.1"
"596","0.01","9.1281.A.1"
"597","0","9.1282.A.1"
"598","0","9.1285.A.1"
"599","0.07","9.1293.A.1"
"600","0.08","9.1294.A.1"
"601","0","9.1298.A.1"
"602","0.01","9.1301.A.1"
"603","0.09","9.1304.A.1"
"604","0.01","9.1305.A.1"
"605","0","9.1310.A.1"
"606","0","9.1317.A.1"
"607","0","9.1321.A.1"
"608","0","9.1322.A.1"
"609","0","9.1341.A.1"
"610","0.07","9.1343.A.1"
"611","0.06","9.1344.A.1"
"612","0","9.1353.A.1"
"613","0","9.1354.A.1"
"614","0","9.1359.A.1"
"615","0","9.1362.A.4"
"616","0.06","9.1369.A.1"
"617","0.02","9.1375.A.1"
"618","0.5","9.1376.A.4"
"619","0.02","9.1377.A.1"
"620","0","9.1379.A.1"
"621","0.03","9.1380.A.4"
"622","0","9.1381.A.1"
"623","0.01","9.1383.A.1"
"624","0","9.1385.A.1"
"625","0","9.1386.A.1"
"626","0.43","9.1387.A.4"
"627","0","9.1391.A.1"
"628","0","9.1394.A.1"
"629","0","9.1395.A.1"
"630","0","9.1398.A.1"
"631","0.01","9.1404.A.1"
"632","0.15","9.1406.A.1"
"633","0.06","9.1411.A.1"
"634","0","9.1413.A.4"
"635","0","9.1415.A.1"
"636","0.04","9.1416.A.1"
"637","0.05","9.1420.A.1"
"638","0.02","9.1425.A.1"
"639","0","9.1432.A.1"
"640","0","9.1433.A.1"
"641","0","9.1436.A.1"
"642","0.01","9.1438.A.1"
"643","0","9.1439.A.1"
"644","0","9.1440.A.1"
"645","0","9.1447.A.1"
"646","0","9.1448.A.1"
"647","0","9.1452.A.1"
"648","0.03","9.1461.A.1"
"649","0","9.1462.A.1"
"650","0","9.1465.A.4"
"651","0.02","9.1472.A.1"
"652","0.06","9.1474.A.4"
"653","0","9.1481.A.1"
"654","0","9.1486.A.1"
"655","0","9.1488.A.1"
"656","0.15","9.1489.A.1"
"657","0.04","9.1490.A.1"
"658","0","9.1493.A.1"
"659","0","9.1498.A.4"
"660","0","9.1499.A.1"
"661","0.02","9.1501.A.4"
"662","0","9.1504.A.1"
"663","0.01","9.1510.A.1"
"664","0","9.1511.A.1"
"665","0.02","9.1515.A.1"
"666","0","9.1518.A.1"
"667","0","9.1520.A.4"
"668","0","9.1521.A.1"
"669","0","9.1522.A.1"
"670","0.12","9.1523.A.1"
"671","0","9.1526.A.1"
"672","0","9.1527.A.1"
"673","0.01","9.1534.A.1"
"674","0.01","9.1539.A.1"
"675","0","9.1540.A.1"
"676","0","9.1541.A.1"
"677","0.4","9.1543.A.1"
"678","0.02","9.1547.A.1"
"679","0","9.1551.A.1"
"680","0","9.1552.A.1"
"681","0.06","9.1553.A.1"
"682","0.02","9.1555.A.1"
"683","0","9.1561.A.1"
"684","0","9.1564.A.1"
"685","0","9.1570.A.1"
"686","0.1","9.1571.A.1"
"687","0","9.1573.A.4"
"688","0.01","9.1574.A.1"
"689","0","9.1575.A.1"
"690","0","9.1576.A.1"
"691","0","9.1592.A.4"
"692","0.19","9.1593.A.1"
"693","0.03","9.1594.A.1"
"694","0","9.1598.A.1"
"695","0","9.1599.A.1"
"696","0","9.1600.A.1"
"697","0","9.1604.A.1"
"698","0","9.1607.A.1"
"699","0.01","9.1610.A.1"
"700","0","9.1611.A.1"
"701","0","9.1613.A.1"
"702","0.01","9.1614.A.1"
"703","0.15","9.1616.A.4"
"704","0","9.1619.A.4"
"705","0.04","9.1620.A.1"
"706","0","9.1621.A.1"
"707","0.01","9.1623.A.1"
"708","0.09","9.1624.A.1"
"709","0","9.1629.A.1"
"710","0.59","9.1630.A.1"
"711","0","9.1637.A.4"
"712","0","9.1638.A.1"
"713","0.03","9.1646.A.4"
"714","0.17","9.1647.A.1"
"715","0.02","9.1649.A.1"
"716","0.01","9.1658.A.1"
"717","0","9.1661.A.1"
"718","0","9.1666.A.1"
"719","0.01","9.1673.A.1"
"720","0.07","9.1677.A.1"
"721","0","9.1681.A.1"
"722","0.05","9.1685.A.1"
"723","0.02","9.1698.A.1"
"724","0.04","9.1713.A.1"
"725","0.01","9.1722.A.1"
"726","0","9.1723.A.1"
"727","0","9.1727.A.1"
"728","0","9.1729.A.1"
"729","0.02","9.1735.A.1"
"730","0","9.1746.A.1"
"731","0.08","9.1747.A.1"
"732","0","9.1749.A.1"
"733","0.37","9.1754.A.1"
"734","0","9.1757.A.1"
"735","0","9.1760.A.1"
"736","0.06","9.1764.A.1"
"737","0.01","9.1765.A.1"
"738","0","9.1766.A.1"
"739","0","9.1767.A.1"
"740","0","9.1770.A.1"
"741","0","9.1772.A.1"
"742","0","9.1784.A.1"
"743","0.06","9.1785.A.1"
"744","0.04","9.1786.A.1"
"745","0","9.1789.A.1"
"746","0","9.1790.A.1"
"747","0.02","9.1792.A.1"
"748","0","9.1794.A.1"
"749","0","9.1796.A.1"
"750","0","9.1804.A.1"
"751","0.02","9.1809.A.1"
"752","0.01","9.1810.A.1"
"753","0","9.1813.A.1"
"754","0.17","9.1832.A.1"
"755","0","9.1839.A.1"
"756","0.01","9.1860.A.1"
"757","0","9.1863.A.1"
"758","0.06","9.1866.A.1"
"759","0.04","9.1868.A.1"
"760","0.02","9.1872.A.1"
"761","0.01","9.1877.A.1"
"762","0","9.1890.A.1"
"763","0.06","9.1895.A.1"
"764","0","9.1898.A.1"
"765","0","9.1902.A.1"
"766","0","9.1903.A.1"
"767","0.32","9.1904.A.1"
"768","0.1","9.1905.A.1"
"769","0.09","9.1911.A.1"
"770","0.01","9.1914.A.1"
"771","0.09","9.1916.A.1"
"772","0.7","9.1917.A.1"
"773","0.04","9.1919.A.1"
"774","0.06","9.1920.A.1"
"775","0","9.1921.A.1"
"776","0.02","9.1922.A.1"
"777","0","9.1924.A.1"
"778","0","9.1925.A.1"
"779","0","9.1928.A.1"
"780","0","9.1940.A.1"
"781","0.03","9.1941.A.1"
"782","0.02","9.1942.A.1"
"783","0","9.1943.A.1"
"784","0.14","9.1948.A.1"
"785","0.02","9.1950.A.1"
"786","0","9.1956.A.1"
"787","0","9.1957.A.1"
"788","0.54","9.1958.A.1"
"789","0","9.1959.A.1"
"790","0.06","9.1961.A.1"
"791","0","9.1962.A.1"
"792","0.09","9.1964.A.1"
"793","0.03","9.1965.A.1"
"794","0","9.1966.A.1"
"795","0.08","9.1968.A.1"
"796","0.14","9.1969.A.1"
"797","0","9.1971.A.1"
"798","0","9.1974.A.1"
"799","0","9.1975.A.1"
"800","0","9.1976.A.1"
"801","0","9.1980.A.1"
"802","0","9.1983.A.1"
"803","0","9.1988.A.1"
"804","0","9.1989.A.1"
"805","0","9.1994.A.4"
"806","0.12","9.1995.A.1"
"807","0.05","9.1996.A.1"
"808","0.01","9.1997.A.4"
"809","0","9.1999.A.1"
"810","0.04","9.2000.A.1"
"811","0","9.2001.A.1"
"812","0.26","9.2004.A.1"
"813","0","9.2007.A.1"
"814","0.02","9.2010.A.1"
"815","0","9.2011.A.4"
"816","0.09","9.2016.A.1"
"817","0","9.2030.A.1"
"818","0","9.2036.A.1"
"819","0.02","9.2037.A.1"
"820","0.44","9.2056.A.1"
"821","0","9.2058.A.4"
"822","0","9.2061.A.1"
"823","0.03","9.2066.A.1"
"824","0","9.2067.A.1"
"825","0","9.2079.A.4"
"826","0.16","9.2097.A.1"
"827","0.2","9.2101.A.1"
"828","0","9.2102.A.1"
"829","0.03","9.2106.A.1"
"830","0","9.2122.A.1"
"831","0.11","9.2130.A.1"
"832","0","9.2131.A.1"
"833","0.02","9.2132.A.1"
"834","0","9.2142.A.1"
"835","0","9.2144.A.1"
"836","0","9.2156.A.1"
"837","0","9.2169.A.1"
"838","0","9.2173.A.1"
"839","0","9.2174.A.1"
"840","0","9.2176.A.1"
"841","0","9.2177.A.1"
"842","0.1","9.2184.A.1"
"843","0","9.2186.A.1"
"844","0.01","9.2187.A.4"
"845","0","9.2188.A.1"
"846","0","9.2194.A.1"
"847","0.04","9.2197.A.1"
"848","0.01","9.2198.A.1"
"849","0.04","9.2201.A.1"
"850","0","9.2219.A.1"
"851","0","9.2220.A.1"
"852","0.02","9.2228.A.1"
"853","0.01","9.2229.A.1"
"854","0.02","9.2230.A.1"
"855","0.01","9.2237.A.1"
"856","0.06","9.2250.A.1"
"857","0","9.2252.A.1"
"858","0","9.2253.A.1"
"859","0.08","9.2268.A.1"
"860","0.01","9.2271.A.1"
"861","0.11","9.2274.A.1"
"862","0","9.2282.A.1"
"863","0","9.2286.A.1"
"864","0.03","9.2297.A.1"
"865","0","9.2299.A.1"
"866","0.02","9.2301.A.1"
"867","0","9.2316.A.1"
"868","0.01","9.2318.A.1"
"869","0","9.2319.A.1"
"870","0.08","9.2330.A.1"
"871","0.1","9.2332.A.4"
"872","0.01","9.2333.A.1"
"873","0.06","9.2334.A.1"
"874","0","9.2337.A.1"
"875","0.27","9.2341.A.1"
"876","0","9.2346.A.1"
"877","0","9.2351.A.1"
"878","0.02","9.2355.A.1"
"879","0.09","9.2358.A.1"
"880","0.02","9.2359.A.1"
"881","0","9.2364.A.1"
"882","0.16","9.2366.A.1"
"883","0","9.2368.A.1"
"884","0","9.2377.A.1"
"885","0","9.2383.A.1"
"886","0.05","9.2389.A.1"
"887","0.03","9.2390.A.1"
"888","0.18","9.2391.A.1"
"889","0","9.2393.A.1"
"890","0","9.2394.A.4"
"891","0.01","9.2396.A.1"
"892","0.01","9.2401.A.1"
"893","0","9.2402.A.1"
"894","0","9.2403.A.1"
"895","0.05","9.2404.A.1"
"896","0","9.2406.A.1"
"897","0.01","9.2416.A.1"
"898","0.04","9.2418.A.1"
"899","0.09","9.2424.A.1"
"900","0.06","9.2426.A.1"
"901","0.01","9.2427.A.1"
"902","0.01","9.2431.A.1"
"903","0.02","9.2432.A.1"
"904","0","9.2435.A.1"
"905","0.02","9.2436.A.1"
"906","0","9.2441.A.1"
"907","0.01","9.2444.A.1"
"908","0.05","9.2445.A.1"
"909","0.02","9.2446.A.1"
"910","0.04","9.2449.A.1"
"911","0.05","9.2450.A.1"
"912","0.21","9.2458.A.1"
"913","0","9.2461.A.1"
"914","0.01","9.2462.A.1"
"915","0.03","9.2466.A.1"
"916","0.01","9.2467.A.1"
"917","0","9.2476.A.1"
"918","0","9.2479.A.1"
"919","0","9.2494.A.1"
"920","0","9.2502.A.1"
"921","0.01","9.2512.A.1"
"922","0","9.2523.A.1"
"923","0.02","9.2527.A.1"
"924","0.01","9.2539.A.1"
"925","0.01","9.2541.A.1"
"926","0","9.2544.A.1"
"927","0.06","9.2545.A.1"
"928","0.05","9.2548.A.1"
"929","0.04","9.2554.A.1"
"930","0","9.2555.A.1"
"931","0","9.2562.A.1"
"932","0.09","9.2574.A.1"
"933","0.1","9.2579.A.1"
"934","0","9.2582.A.1"
"935","0.05","9.2584.A.4"
"936","0.01","9.2588.A.1"
"937","0","9.2598.A.1"
"938","0.01","9.2606.A.1"
"939","0.04","9.2607.A.1"
"940","0.02","9.2610.A.1"
"941","0","9.2626.A.1"
"942","0.02","9.2628.A.1"
"943","0","9.2634.A.1"
"944","0","9.2667.A.1"
"945","0","9.2668.A.1"
"946","0.08","9.2678.A.1"
"947","0.02","9.2680.A.4"
"948","0.01","9.2687.A.1"
"949","0.2","9.3001.A.1"
"950","0","9.3008.A.1"
"951","0.26","9.3009.A.1"
"952","0.01","9.3010.A.1"
"953","0.02","9.3033.A.4"
"954","0","9.3034.A.1"
"955","0","9.3035.A.1"
"956","0.01","9.3038.A.1"
"957","0.03","9.3044.A.1"
"958","0.03","9.3048.A.1"
"959","0.01","9.3060.A.4"
"960","0","9.3067.A.1"
"961","0","9.3071.A.1"
"962","0","9.3075.A.1"
"963","0","9.3087.A.1"
"964","0.01","9.3088.A.1"
"965","0.01","9.3094.A.1"
"966","0","9.3103.A.1"
"967","0","9.3105.A.4"
"968","0","9.3106.A.4C"
"969","0.01","9.3112.A.1"
"970","0","9.3121.A.1"
"971","0.06","9.3139.A.1"
"972","0","9.3140.A.1"
"973","0.01","9.3146.A.1"
"974","0","9.3147.A.4"
"975","0","9.3160.A.1"
"976","0.03","9.3169.A.1"
"977","0.16","9.3173.A.1"
"978","0.06","9.3176.A.1"
"979","0","9.3177.A.1"
"980","0","9.3181.A.1"
"981","0","9.3184.A.1"
"982","0","9.3188.A.1"
"983","0","9.3192.A.1"
"984","0","9.3207.A.4"
"985","0","9.3228.A.1"
"986","0.03","9.3236.A.1"
"987","0","9.3238.A.1"
"988","0","9.3239.A.1"
"989","0","9.3260.A.1"
"990","0","9.3270.A.1"
"991","0.04","9.3280.A.1"
"992","0.12","9.3301.A.1"
"993","0.01","9.3302.A.6C"
"994","0","9.3304.A.1"
"995","0","9.3315.A.1"
"996","0","9.3321.A.1"
"997","0","9.3327.A.1"
"998","0.1","9.3336.A.1"
"999","0","9.3344.A.4"
"1000","0.11","9.3349.A.1"
"1001","0","9.3362.A.1"
"1002","0","9.3367.A.1"
"1003","0.01","9.3370.A.1"
"1004","0","9.3371.A.1"
"1005","0.02","9.3377.A.1"
"1006","0","9.3380.A.1"
"1007","0","9.3390.A.1"
"1008","0","9.3394.A.4"
"1009","0","9.3398.A.1"
"1010","0.01","9.3403.A.1"
"1011","0","9.3414.A.1"
"1012","0","9.3419.A.1"
"1013","0","9.3434.A.1"
"1014","0.02","9.3439.A.1"
"1015","0","9.3450.A.1"
"1016","0.02","9.3464.A.1"
"1017","0","9.3465.A.1"
"1018","0.01","9.3472.A.4"
"1019","0.09","9.3475.A.1"
"1020","0","9.3479.A.1"
"1021","0.08","9.3480.A.1"
"1022","0","9.3481.A.1"
"1023","0","9.3483.A.1"
"1024","0.02","9.3489.A.1"
"1025","0","9.3498.A.1"
"1026","0","9.3499.A.1"
"1027","0","9.3502.A.1"
"1028","0.02","9.3505.A.1"
"1029","0","9.3527.A.1"
"1030","0.02","9.3530.A.1"
"1031","0.02","9.3536.A.1"
"1032","0.27","9.3561.N.N"
"1033","0","9.3578.N.N"
"1034","0.01","9.3582.N.N"
"1035","0","9.3584.N.N"
"1036","0","9.3589.N.N"
"1037","0.07","9.3597.N.N"
"1038","0","9.3617.N.N"
"1039","0","9.3639.N.N"
"1040","0.01","9.3641.N.N"
"1041","0","9.3645.N.N"
"1042","0.01","9.3648.N.N"
"1043","0","9.3662.N.N"
"1044","0","9.3663.N.N"
"1045","0.05","9.3669.N.N"
"1046","0","9.3673.N.N"
"1047","0","9.3674.N.N"
"1048","0.02","9.3675.N.N"
"1049","0","9.3679.N.N"
"1050","0","9.3680.N.N"
"1051","0","9.3681.N.N"
"1052","0.24","9.3682.N.N"
"1053","0.13","9.3701.N.N"
"1054","0","9.3703.N.N"
"1055","0","9.3712.N.N"
"1056","0","9.3714.N.N"
"1057","0","24.16.A.1"
"1058","0.18","24.17.A.1"
"1059","0","24.18.A.1"
"1060","0.24","24.23.A.1"
"1061","0.27","24.26.A.4"
"1062","0","24.29.A.1"
"1063","0.09","24.36.A.1"
"1064","0.11","24.38.A.4"
"1065","0.14","24.48.A.1"
"1066","0.01","24.54.A.1"
"1067","0","24.56.A.1"
"1068","0.2","24.57.A.1"
"1069","0.03","24.62.A.1"
"1070","0","24.63.A.4"
"1071","0.15","24.65.A.1"
"1072","0.07","24.68.A.4"
"1073","0","24.72.A.1"
"1074","0.05","24.76.A.1"
"1075","0","24.78.A.1"
"1076","0.18","24.82.A.1"
"1077","0","24.85.A.1"
"1078","0.21","24.86.A.1"
"1079","0","24.88.A.1"
"1080","0.07","24.89.A.1"
"1081","0.02","24.90.A.1"
"1082","0.01","24.95.A.1"
"1083","0.03","24.96.A.4"
"1084","0","24.98.A.1"
"1085","0","24.99.A.1"
"1086","0","24.101.A.1"
"1087","0","24.106.A.1"
"1088","0","24.116.A.1"
"1089","0.01","24.126.A.4"
"1090","0.03","24.129.A.1"
"1091","0.04","24.130.A.1"
"1092","0.01","24.139.A.4"
"1093","0.01","24.141.A.1"
"1094","0.19","24.142.A.1"
"1095","0.01","24.145.A.1"
"1096","0","24.156.A.1"
"1097","0.01","24.157.A.1"
"1098","0.02","24.159.A.1"
"1099","0.05","24.160.A.1"
"1100","0.08","24.161.A.1"
"1101","0.03","24.162.A.1"
"1102","0.01","24.170.A.1"
"1103","0.21","24.173.A.1"
"1104","0","24.175.A.1"
"1105","0","24.177.A.1"
"1106","0.04","24.180.A.1"
"1107","0.01","24.185.A.1"
"1108","0","24.186.A.1"
"1109","0.01","24.187.A.1"
"1110","0.05","24.191.A.1"
"1111","0","24.197.A.1"
"1112","0.26","24.198.A.1"
"1113","0.09","24.200.A.1"
"1114","0","24.205.A.1"
"1115","0.07","24.207.A.1"
"1116","0.02","24.222.A.4"
"1117","0.02","24.232.A.1"
"1118","0.04","24.233.A.1"
"1119","0","24.234.A.4"
"1120","0.02","24.244.A.1"
"1121","0","24.246.A.1"
"1122","0.08","24.257.A.1"
"1123","0.01","24.264.A.1"
"1124","0.02","24.267.A.4"
"1125","0.02","24.275.A.1"
"1126","0.17","24.276.A.1"
"1127","0.01","24.279.A.1"
"1128","0.01","24.284.A.1"
"1129","0","24.287.A.1"
"1130","0","24.290.A.1"
"1131","0","24.291.A.1"
"1132","0.12","24.295.A.1"
"1133","0","24.298.A.1"
"1134","0","24.301.A.4C"
"1135","0","24.304.A.1"
"1136","0","24.311.A.1"
"1137","0","24.315.A.1"
"1138","0.2","24.320.A.1"
"1139","0.17","24.329.A.1"
"1140","0","24.333.A.1"
"1141","0.02","24.335.A.1"
"1142","0.29","24.336.A.1"
"1143","0","24.338.A.1"
"1144","0","24.342.A.1"
"1145","0","24.343.A.1"
"1146","0","24.351.A.4"
"1147","0.03","24.354.A.1"
"1148","0","24.358.A.1"
"1149","0","24.363.A.4"
"1150","0.13","24.370.A.1"
"1151","0","24.378.A.1"
"1152","0","24.386.A.1"
"1153","0","24.389.A.1"
"1154","0.03","24.391.A.1"
"1155","0.03","24.397.A.1"
"1156","0.32","24.403.A.1"
"1157","0","24.404.A.1"
"1158","0","24.409.A.1"
"1159","0.09","24.412.A.1"
"1160","0.37","24.417.A.1"
"1161","0","24.429.A.1"
"1162","0","24.433.A.4"
"1163","0.01","24.440.A.1"
"1164","0","24.445.A.1"
"1165","0.17","24.449.A.1"
"1166","0.04","24.450.A.4"
"1167","0","24.456.A.1"
"1168","0","24.460.A.1"
"1169","0","24.464.A.1"
"1170","0.11","24.467.A.4"
"1171","0","24.468.A.1"
"1172","0","24.470.A.1"
"1173","0.09","24.471.A.4"
"1174","0","24.472.A.4"
"1175","0.05","24.474.A.1"
"1176","0","24.478.A.1"
"1177","0","24.479.A.4"
"1178","0","24.481.A.1"
"1179","0","24.485.A.1"
"1180","0","24.500.A.1"
"1181","0","24.522.A.1"
"1182","0","24.524.A.1"
"1183","0","24.526.A.1"
"1184","0","24.529.A.1"
"1185","0.06","24.563.A.1"
"1186","0.01","24.564.A.1"
"1187","0","24.565.A.1"
"1188","0","24.568.A.1"
"1189","0","24.572.A.1"
"1190","0","24.574.A.1"
"1191","0","24.584.A.1"
"1192","0","24.592.A.1"
"1193","0","24.601.A.1"
"1194","0","24.604.A.1"
"1195","0","24.607.A.1"
"1196","0","24.609.A.4"
"1197","0.01","24.611.A.1"
"1198","0.01","24.612.A.1"
"1199","0.01","24.615.A.4"
"1200","0","24.619.A.6C"
"1201","0","24.634.A.4C"
"1202","0.02","24.641.A.1"
"1203","0","24.645.A.1"
"1204","0","24.647.A.1"
"1205","0","24.648.A.4"
"1206","0","24.659.A.1"
"1207","0","24.661.A.4C"
"1208","0.11","24.667.A.1"
"1209","0","24.668.A.1"
"1210","0","24.669.A.1"
"1211","0","24.672.A.1"
"1212","0","24.679.A.4"
"1213","0","24.681.A.1"
"1214","0","24.685.A.1"
"1215","0","24.688.A.4C"
"1216","0","24.696.A.1"
"1217","0","24.703.A.1"
"1218","0","24.707.A.1"
"1219","0","24.708.A.4C"
"1220","0","24.714.A.1"
"1221","0","24.726.A.1"
"1222","0.07","24.729.A.1"
"1223","0.03","24.735.A.1"
"1224","0","24.739.A.4"
"1225","0.04","24.740.A.4"
"1226","0","24.747.A.4"
"1227","0","24.766.A.1"
"1228","0","24.771.A.1"
"1229","0","24.773.A.1"
"1230","0","24.775.A.1"
"1231","0","24.776.A.4"
"1232","0","24.781.A.1"
"1233","0","24.790.A.1"
"1234","0","24.791.A.1"
"1235","0","24.792.A.4"
"1236","0","24.799.A.4"
"1237","0","24.802.A.1"
"1238","0.19","24.808.A.1"
"1239","0","24.812.A.1"
"1240","0","24.819.A.4"
"1241","0","24.822.A.4C"
"1242","0","24.825.A.1"
"1243","0","24.827.A.1"
"1244","0","24.829.A.1"
"1245","0","24.832.A.1"
"1246","0","24.835.A.1"
"1247","0","24.843.A.1"
"1248","0","24.844.A.1"
"1249","0.06","24.846.A.1"
"1250","0","24.847.A.1"
"1251","0","24.851.A.1"
"1252","0.28","24.854.A.1"
"1253","0.13","24.857.A.1"
"1254","0","24.859.A.1"
"1255","0","24.861.A.1"
"1256","0","24.864.A.1"
"1257","0","24.874.A.4"
"1258","0","24.883.A.1"
"1259","0","24.891.A.1"
"1260","0.04","24.897.A.1"
"1261","0","24.898.A.1"
"1262","0","24.902.A.1"
"1263","0","24.904.A.1"
"1264","0","24.906.A.4"
"1265","0","24.909.A.4"
"1266","0","24.910.A.1"
"1267","0","24.912.A.1"
"1268","0.21","24.915.A.1"
"1269","0.01","24.923.A.1"
"1270","0","24.928.A.1"
"1271","0.02","24.938.A.4"
"1272","0","24.944.A.1"
"1273","0.01","24.947.A.1"
"1274","0","24.948.A.4C"
"1275","0","24.949.A.4"
"1276","0.02","24.954.A.1"
"1277","0","24.956.A.1"
"1278","0","24.959.A.1"
"1279","0","24.976.A.4"
"1280","0.01","24.979.A.1"
"1281","0","24.982.A.1"
"1282","0","24.986.A.4"
"1283","0","24.992.A.4"
"1284","0.01","24.1000.A.1"
"1285","0","24.1003.A.1"
"1286","0","24.1004.A.1"
"1287","0","24.1005.A.4"
"1288","0.02","24.1006.A.1"
"1289","0.08","24.1007.A.1"
"1290","0","24.1012.A.1"
"1291","0.02","24.1013.A.1"
"1292","0.29","24.1014.A.1"
"1293","0","24.1015.A.1"
"1294","0.24","24.1016.A.1"
"1295","0","24.1019.A.1"
"1296","0.22","24.1023.A.1"
"1297","0","24.1034.A.1"
"1298","0.05","24.1042.A.4"
"1299","0.03","24.1046.A.1"
"1300","0.23","24.1047.A.1"
"1301","0","24.1049.A.1"
"1302","0.09","24.1050.A.1"
"1303","0.16","24.1059.A.1"
"1304","0.07","24.1060.A.1"
"1305","0.05","24.1061.A.1"
"1306","0","24.1065.A.1"
"1307","0","24.1076.A.4"
"1308","0","24.1082.A.1"
"1309","0","24.1090.A.1"
"1310","0.01","24.1096.A.4"
"1311","0.04","24.1100.A.4"
"1312","0","24.1101.A.1"
"1313","0.05","24.1104.A.1"
"1314","0.13","24.1108.A.1"
"1315","0.01","24.1116.A.1"
"1316","0.01","24.1125.A.1"
"1317","0.01","24.1131.A.1"
"1318","0.01","24.1132.A.1"
"1319","0","24.1134.A.4"
"1320","0.17","24.1135.A.4"
"1321","0","24.1141.A.4"
"1322","0.04","24.1146.A.1"
"1323","0","24.1147.A.4"
"1324","0","24.1153.A.4"
"1325","0","24.1172.A.1"
"1326","0.01","24.1183.A.1"
"1327","0","24.1185.A.4"
"1328","0","24.1196.A.4"
"1329","0","24.1197.A.1"
"1330","0.01","24.1200.A.1"
"1331","0.01","24.1201.A.1"
"1332","0","24.1206.A.1"
"1333","0.04","24.1215.A.4"
"1334","0","24.1217.A.1"
"1335","0","24.1235.A.1"
"1336","0","24.1236.A.4"
"1337","0.04","24.1238.A.1"
"1338","0.1","24.1253.A.6C"
"1339","0","24.1259.A.1"
"1340","0","24.1260.A.1"
"1341","0","24.1265.A.1"
"1342","0.03","24.1267.A.1"
"1343","0.03","24.1268.A.4"
"1344","0","24.1269.A.1"
"1345","0","24.1281.A.4"
"1346","0.03","24.1285.A.1"
"1347","0.02","24.1287.A.1"
"1348","0","24.1294.A.1"
"1349","0","24.1311.A.1"
"1350","0","24.1314.A.1"
"1351","0.01","24.1316.A.1"
"1352","0.03","24.1317.A.1"
"1353","0.01","24.1319.A.1"
"1354","0.02","24.1335.A.1"
"1355","0","24.1339.A.1"
"1356","0.01","24.1345.A.1"
"1357","0","24.1347.A.1"
"1358","0.01","24.1356.A.1"
"1359","0","24.1365.A.1"
"1360","0.12","24.1372.A.1"
"1361","0.23","24.1392.A.1"
"1362","0.03","24.1398.A.1"
"1363","0.02","24.1440.A.1"
"1364","0","24.1447.A.1"
"1365","0.04","24.1459.A.1"
"1366","0","24.1463.A.1"
"1367","0","24.1494.A.1"
"1368","0.07","24.1510.A.1"
"1369","0.04","24.1515.A.1"
"1370","0","24.1537.A.1"
"1371","0","24.1542.A.1"
"1372","0","24.1544.A.4"
"1373","0","24.1590.A.1"
"1374","0.01","24.1596.A.1"
"1375","0.02","24.1611.A.1"
"1376","0","24.1635.A.1"
"1377","0.01","24.1653.A.1"
"1378","0","24.1662.A.1"
"1379","0.01","24.1697.A.1"
"1380","0.03","24.1702.A.1"
"1381","0","24.1706.A.4"
"1382","0","24.1733.A.1"
"1383","0.08","24.2006.A.1"
"1384","0.01","24.2007.A.1"
"1385","0","24.2016.A.1"
"1386","0","24.2025.A.1"
"1387","0.1","24.2027.A.4"
"1388","0","24.2030.A.1"
"1389","0","24.2042.A.4C"
"1390","0","24.2049.A.1"
"1391","0","24.2050.A.1"
"1392","0.2","24.2055.A.1"
"1393","0","24.2063.A.1"
"1394","0.06","24.2065.A.1"
"1395","0","24.2072.A.4"
"1396","0","24.2077.A.1"
"1397","0.03","24.2088.A.4"
"1398","0","24.2090.A.1"
"1399","0.43","24.2093.A.1"
"1400","0","24.2100.A.1"
"1401","0","24.2121.A.4C"
"1402","0.39","24.2128.A.1"
"1403","0.05","24.2133.A.1"
"1404","0","24.2141.A.1"
"1405","0.06","24.2150.A.1"
"1406","0","24.2155.A.4C"
"1407","0.01","24.2158.A.1"
"1408","0.02","24.2164.A.1"
"1409","0","24.2166.A.1"
"1410","0","24.2168.A.4"
"1411","0.12","24.2169.A.1"
"1412","0.27","24.2172.A.1"
"1413","0","24.2174.A.4C"
"1414","0","24.2175.A.1"
"1415","0.09","24.2176.A.1"
"1416","0","24.2182.A.1"
"1417","0","24.2194.A.1"
"1418","0","24.2199.A.1"
"1419","0.03","24.2203.A.4"
"1420","0","24.2213.A.1"
"1421","0","24.2215.A.1"
"1422","0","24.2216.A.1"
"1423","0","24.2220.A.1"
"1424","0.01","24.2225.A.1"
"1425","0.05","24.2236.A.1"
"1426","0","24.2240.A.1"
"1427","0.01","24.2247.A.1"
"1428","0","24.2258.A.1"
"1429","0.29","24.2259.A.1"
"1430","0.02","24.2270.A.4"
"1431","0","24.2282.A.1"
"1432","0.51","24.2286.A.1"
"1433","0","24.2295.A.1"
"1434","0.02","24.2304.A.1"
"1435","0.05","24.2308.A.1"
"1436","0","24.2309.A.1"
"1437","0","24.2320.A.1"
"1438","0","24.2321.A.1"
"1439","0","24.2322.A.4"
"1440","0","24.2326.A.1"
"1441","0","24.2329.A.1"
"1442","0.01","24.2332.A.1"
"1443","0","24.2336.A.1"
"1444","0","24.2341.A.1"
"1445","0","24.2344.A.1"
"1446","0.01","24.2347.A.1"
"1447","0","24.2355.A.1"
"1448","0","24.2359.A.1"
"1449","0","24.2363.A.1"
"1450","0","24.2364.A.1"
"1451","0.02","24.2368.A.1"
"1452","0","24.2374.A.1"
"1453","0.02","24.2385.A.1"
"1454","0.16","24.2393.A.1"
"1455","0","24.2397.A.1"
"1456","0.03","24.2409.A.1"
"1457","0","24.2413.A.1"
"1458","0","24.2416.A.1"
"1459","0","24.2422.A.1"
"1460","0","24.2424.A.4"
"1461","0","24.2430.A.1"
"1462","0.03","24.2432.A.4"
"1463","0","24.2463.A.1"
"1464","0.03","24.2465.A.1"
"1465","0.02","24.2468.A.1"
"1466","0","24.2490.A.1"
"1467","0","24.2494.A.1"
"1468","0","24.2503.A.1"
"1469","0.14","24.3001.N.N"
"1470","0","24.3002.N.N"
"1471","0","24.3003.N.N"
"1472","0","24.3005.N.N"
"1473","0.01","24.3006.N.N"
"1474","0","24.3007.N.N"
"1475","0.01","24.3009.N.N"
"1476","0","24.3017.N.N"
"1477","0","24.3018.N.N"
"1478","0","24.3020.N.N"
"1479","0","24.3021.N.N"
"1480","0.02","24.3025.N.N"
"1481","0","24.3027.N.N"
"1482","0.02","24.3030.N.N"
"1483","0","24.3031.N.N"
"1484","0","24.3036.N.N"
"1485","0","24.3040.N.N"
"1486","0","24.3041.N.N"
"1487","0.01","24.3049.N.N"
"1488","0","24.3053.N.N"
"1489","0","24.3054.N.N"
"1490","0","24.3055.N.N"
"1491","0","24.3060.N.N"
"1492","0","24.3066.N.N"
"1493","0.04","24.3070.N.N"
"1494","0","24.3072.N.N"
"1495","0","34.8.A.1"
"1496","0.02","34.13.A.1"
"1497","0.23","34.14.A.1"
"1498","0","34.5.A.1"
"1499","0.18","34.6.A.1"
"1500","0","34.19.A.1"
"1501","0.06","34.20.A.1"
"1502","0.03","34.30.A.1"
"1503","0.11","34.36.A.1"
"1504","0","34.39.A.1"
"1505","0.04","34.42.A.1"
"1506","0.11","34.44.A.1"
"1507","0.07","34.46.A.1"
"1508","0","34.47.A.1"
"1509","0","34.49.A.1"
"1510","0","34.50.A.4"
"1511","0","34.51.A.1"
"1512","0.03","34.60.A.1"
"1513","0.17","34.62.A.1"
"1514","0.28","34.72.A.1"
"1515","0","34.74.A.1"
"1516","0.01","34.76.A.1"
"1517","0","34.79.A.1"
"1518","0","34.82.A.1"
"1519","0.02","34.83.A.1"
"1520","0.02","34.87.A.1"
"1521","0.04","34.88.A.1"
"1522","0.02","34.89.A.1"
"1523","0","34.94.A.1"
"1524","0","34.95.A.1"
"1525","0.02","34.100.A.4"
"1526","0.05","34.102.A.1"
"1527","0","34.108.A.1"
"1528","0","34.109.A.1"
"1529","0","34.110.A.1"
"1530","0","34.113.A.1"
"1531","0.03","34.118.A.1"
"1532","0","34.121.A.1"
"1533","0.32","34.123.A.1"
"1534","0.03","34.124.A.1"
"1535","0","34.125.A.1"
"1536","0.16","34.132.A.1"
"1537","0.01","34.135.A.1"
"1538","0.02","34.138.A.1"
"1539","0.15","34.139.A.1"
"1540","0","34.142.A.1"
"1541","0.01","34.146.A.1"
"1542","0.02","34.147.A.1"
"1543","0","34.148.A.1"
"1544","0.05","34.149.A.1"
"1545","0.11","34.151.A.1"
"1546","0","34.154.A.1"
"1547","0","34.157.A.4"
"1548","0.04","34.164.A.1"
"1549","0","34.168.A.1"
"1550","0.02","34.172.A.1"
"1551","0.06","34.174.A.1"
"1552","0","34.181.A.1"
"1553","0","34.184.A.1"
"1554","0","34.190.A.1"
"1555","0","34.204.A.1"
"1556","0","34.229.A.1"
"1557","0.01","34.234.A.1"
"1558","0","34.236.A.1"
"1559","0","34.248.A.4"
"1560","0","34.249.A.4"
"1561","0","34.250.A.1"
"1562","0.03","34.252.A.1"
"1563","0.01","34.263.A.1"
"1564","0.02","34.271.A.1"
"1565","0","34.290.A.1"
"1566","0","34.297.A.1"
"1567","0.02","34.301.A.1"
"1568","0.03","34.303.A.1"
"1569","0.01","34.309.A.1"
"1570","0.01","34.310.A.1"
"1571","0","34.317.A.1"
"1572","0","34.325.A.1"
"1573","0","34.327.A.1"
"1574","0","34.331.A.1"
"1575","0.02","34.338.A.1"
"1576","0.01","34.342.A.1"
"1577","0","34.344.A.1"
"1578","0","34.345.A.1"
"1579","0","34.364.A.1"
"1580","0.16","34.365.A.1"
"1581","0.06","34.378.A.1"
"1582","0","34.379.A.1"
"1583","0","34.380.A.1"
"1584","0","34.386.A.1"
"1585","0.09","34.418.A.1"
"1586","0.16","34.424.A.1"
"1587","0.01","34.431.A.1"
"1588","0","34.436.A.1"
"1589","0","34.439.A.1"
"1590","0.02","34.453.A.1"
"1591","0","34.454.A.1"
"1592","0.02","34.455.A.1"
"1593","0","34.461.A.1"
"1594","0","34.464.A.4"
"1595","0","34.466.A.1"
"1596","0","34.467.A.4"
"1597","0.08","34.475.A.1"
"1598","0","34.479.A.1"
"1599","0","34.488.A.4"
"1600","0","34.490.A.1"
"1601","0.02","34.496.A.1"
"1602","0.01","34.503.A.4"
"1603","0.05","34.509.A.1"
"1604","0.01","34.513.A.1"
"1605","0","34.514.A.1"
"1606","0","34.530.A.1"
"1607","0","34.536.A.1"
"1608","0.01","34.541.A.1"
"1609","0","34.557.A.1"
"1610","0","34.569.A.1"
"1611","0","34.576.A.1"
"1612","0.02","34.577.A.1"
"1613","0.03","34.578.A.1"
"1614","0.02","34.612.A.1"
"1615","0","34.650.A.1"
"1616","0","34.662.A.1"
"1617","0.16","34.679.A.1"
"1618","0","34.682.A.1"
"1619","0.13","34.683.A.1"
"1620","0","34.687.A.4"
"1621","0","34.706.A.1"
"1622","0.05","34.712.A.1"
"1623","0.02","34.717.A.4"
"1624","0","34.719.A.1"
"1625","0","34.745.A.1"
"1626","0.01","34.759.A.1"
"1627","0","34.772.A.1"
"1628","0.05","34.1000.A.4"
"1629","0","34.1001.A.1"
"1630","0","34.1002.A.1"
"1631","0","34.1022.A.1"
"1632","0","34.1032.A.1"
"1633","0","34.1035.A.1"
"1634","0.01","34.1037.A.1"
"1635","0","34.1039.A.1"
"1636","0","34.1040.A.1"
"1637","0.01","34.1041.A.1"
"1638","0.07","34.1042.A.1"
"1639","0.44","34.1051.A.4"
"1640","0","34.1053.A.1"
"1641","0","34.1059.A.1"
"1642","0","34.1060.A.1"
"1643","0","34.1065.A.4"
"1644","0","34.1070.A.1"
"1645","0.04","34.1072.A.1"
"1646","0","34.1073.A.1"
"1647","0","34.1076.A.1"
"1648","0","34.1084.A.1"
"1649","0","34.1091.A.1"
"1650","0","34.1100.A.1"
"1651","0","34.1113.A.1"
"1652","0.03","34.1134.A.1"
"1653","0.01","34.1137.A.1"
"1654","0","34.1140.A.1"
"1655","0","34.1142.A.1"
"1656","0.02","34.1159.A.1"
"1657","0","34.1161.A.1"
"1658","0","34.1164.A.1"
"1659","0","34.1167.A.1"
"1660","0","34.1177.A.1"
"1661","0.03","34.1188.A.1"
"1662","0.05","34.1198.A.1"
"1663","0","34.1202.A.1"
"1664","0","34.1205.A.1"
"1665","0.01","34.1217.A.1"
"1666","0.07","34.1219.A.6C"
"1667","0.03","34.1231.A.1"
"1668","0","34.1232.A.4"
"1669","0.01","34.1245.A.1"
"1670","0","34.1300.N.N"
"1671","0","34.1301.N.N"
"1672","0","34.1303.N.N"
"1673","0","34.1304.N.N"
"1674","0","34.1307.N.N"
"1675","0","34.1312.N.N"
"1676","0.01","34.1316.N.N"
"1677","0","34.1318.N.N"
"1678","0.04","34.1319.N.N"
"1679","0.03","34.1328.N.N"
"1680","0","34.1336.N.N"
"1681","0","34.1346.N.N"
"1682","0.01","34.1356.N.N"
"1683","0.11","37.19.A.1"
"1684","0.06","37.78.A.1"
"1685","0","37.99.A.1"
"1686","0.07","37.166.A.1"
"1687","0.01","37.200.A.1"
"1688","0.14","37.209.A.1"
"1689","0.03","37.237.A.1"
"1690","0","37.245.A.1"
"1691","0.08","37.257.A.1"
"1692","0","37.258.A.1"
"1693","0","37.292.A.1"
"1694","0","37.295.A.4"
"1695","0.05","37.436.A.1"
"1696","0.04","37.504.A.1"
"1697","0","37.511.A.1"
"1698","0.07","37.539.A.1"
"1699","0.02","37.583.A.1"
"1700","0","37.587.A.1"
"1701","0.04","37.642.A.1"
"1702","0.2","37.660.A.1"
"1703","0.22","37.667.A.1"
"1704","0","37.692.A.1"
"1705","0","37.707.A.1"
"1706","0.01","37.721.A.1"
"1707","0.08","37.767.A.1"
"1708","0","37.790.A.1"
"1709","0.01","37.793.A.1"
"1710","0.03","37.801.A.1"
"1711","0.07","37.802.A.1"
"1712","0.08","37.832.A.1"
"1713","0.07","37.850.A.1"
"1714","0","37.877.A.1"
"1715","0","37.882.A.1"
"1716","0","37.891.A.4"
"1717","0","37.892.A.1"
"1718","0.04","37.895.A.1"
"1719","0","37.900.A.1"
"1720","0","37.902.A.1"
"1721","0","37.903.A.1"
"1722","0","37.906.A.1"
"1723","0.09","37.933.A.1"
"1724","0.04","37.953.A.1"
"1725","0","37.956.A.1"
"1726","0.01","37.957.A.1"
"1727","0","37.958.A.1"
"1728","0","37.964.A.1"
"1729","0","37.968.A.1"
"1730","0.01","37.971.A.1"
"1731","0","37.973.A.1"
"1732","0","37.987.A.1"
"1733","0","37.994.A.1"
"1734","0","37.1001.A.1"
"1735","0","37.1002.A.1"
"1736","0","37.1003.A.1"
"1737","0.04","37.1011.A.1"
"1738","0","37.1016.A.1"
"1739","0","37.1017.A.1"
"1740","0","37.1021.A.1"
"1741","0","37.1025.A.1"
"1742","0","37.1027.A.1"
"1743","0","37.1028.A.1"
"1744","0","37.1046.A.1"
"1745","0.05","37.1055.A.1"
"1746","0","37.1060.A.4"
"1747","0","37.1071.A.1"
"1748","0.04","37.1074.A.4"
"1749","0.11","37.1078.A.1"
"1750","0.17","37.1113.A.1"
"1751","0.13","37.1114.A.1"
"1752","0.63","37.1130.A.1"
"1753","0","37.1137.A.1"
"1754","0.02","37.1142.A.1"
"1755","0.15","37.1144.A.1"
"1756","0.1","37.1145.A.1"
"1757","0.01","37.1152.A.1"
"1758","0.03","37.1161.A.1"
"1759","0.03","37.1174.A.1"
"1760","0.02","37.1178.A.1"
"1761","0.18","37.1180.A.1"
"1762","0.09","37.1181.A.1"
"1763","0.03","37.1188.A.1"
"1764","0","37.1189.A.1"
"1765","0","37.1190.A.1"
"1766","0","37.1191.A.1"
"1767","0.01","37.1195.A.4"
"1768","0.23","37.1202.A.1"
"1769","0","37.1205.A.1"
"1770","0.01","37.1212.A.1"
"1771","0.02","37.1225.A.1"
"1772","0","37.1231.A.1"
"1773","0","37.1245.A.1"
"1774","0.1","37.1254.A.1"
"1775","0","37.1267.A.1"
"1776","0.07","37.1281.A.1"
"1777","0","37.1289.A.1"
"1778","0","37.1293.A.1"
"1779","0","37.1294.A.4"
"1780","0","37.1304.A.1"
"1781","0","37.1309.A.1"
"1782","0.05","37.1314.A.4"
"1783","0","37.1317.A.1"
"1784","0.01","37.1326.A.1"
"1785","0.01","37.1329.A.1"
"1786","0.03","37.1337.A.1"
"1787","0","37.1338.A.1"
"1788","0","37.1340.A.1"
"1789","0","37.1344.A.1"
"1790","0.11","37.1345.A.1"
"1791","0.04","37.1354.A.1"
"1792","0","37.1359.A.1"
"1793","0","37.1362.A.1"
"1794","0.03","37.1375.A.1"
"1795","0","37.1377.A.1"
"1796","0","37.1379.A.1"
"1797","0","37.1399.A.4"
"1798","0","37.1423.A.1"
"1799","0","37.1435.A.1"
"1800","0","37.1437.A.4"
"1801","0.01","37.1440.A.1"
"1802","0.13","37.1441.A.1"
"1803","0","37.1449.A.1"
"1804","0.01","37.1457.A.1"
"1805","0","37.1461.A.1"
"1806","0.01","37.1470.A.1"
"1807","0.39","37.1474.A.1"
"1808","0","37.1476.A.1"
"1809","0.15","37.1480.A.1"
"1810","0.02","37.1482.A.1"
"1811","0","37.1485.A.1"
"1812","0","37.1488.A.1"
"1813","0.02","37.1494.A.4"
"1814","0.17","37.1497.A.1"
"1815","0","37.1502.A.4"
"1816","0.48","37.1505.A.1"
"1817","0","37.1511.A.1"
"1818","0.1","37.1517.A.1"
"1819","0","37.1520.A.1"
"1820","0","37.1522.A.1"
"1821","0","37.1525.A.1"
"1822","0","37.1526.A.1"
"1823","0","37.1537.A.1"
"1824","0.18","37.1541.A.1"
"1825","0.01","37.1542.A.1"
"1826","0","37.1543.A.1"
"1827","0","37.1547.A.1"
"1828","0.5","37.1562.A.1"
"1829","0","37.1564.A.1"
"1830","0.01","37.1579.A.1"
"1831","0","37.1591.A.1"
"1832","0.01","37.1597.A.1"
"1833","0","37.1602.A.4"
"1834","0","37.1603.A.4"
"1835","0.01","37.1604.A.1"
"1836","0","37.1608.A.4"
"1837","0.05","37.1618.A.1"
"1838","0.03","37.1620.A.4"
"1839","0.02","37.1639.A.1"
"1840","0","37.1645.A.1"
"1841","0","37.1648.A.1"
"1842","0","37.1649.A.4"
"1843","0","37.1650.A.4"
"1844","0","37.1652.A.1"
"1845","0","37.1659.A.1"
"1846","0","37.1663.A.1"
"1847","0.01","37.1666.A.1"
"1848","0","37.1667.A.1"
"1849","0","37.1670.A.1"
"1850","0","37.1672.A.1"
"1851","0","37.1679.A.1"
"1852","0.17","37.1686.A.1"
"1853","0.01","37.1689.A.4"
"1854","0","37.1691.A.1"
"1855","0","37.1692.A.1"
"1856","0","37.1696.A.1"
"1857","0","37.1700.A.1"
"1858","0","37.1702.A.4"
"1859","0","37.1704.A.1"
"1860","0","37.1706.A.1"
"1861","0.05","37.1709.A.1"
"1862","0.01","37.1722.A.1"
"1863","0","37.1724.A.1"
"1864","0.06","37.1740.A.1"
"1865","0.05","37.1742.A.1"
"1866","0","37.1748.A.1"
"1867","0","37.1758.A.1"
"1868","0","37.1760.A.1"
"1869","0.13","37.1761.A.1"
"1870","0","37.1768.A.4"
"1871","0","37.1769.A.1"
"1872","0","37.1771.A.1"
"1873","0","37.1780.A.1"
"1874","0","37.1782.A.1"
"1875","0.02","37.1783.A.1"
"1876","0","37.2003.N.N"
"1877","0","37.2007.N.N"
"1878","0","37.2018.N.N"
"1879","0","37.2021.N.N"
"1880","0","37.2024.N.N"
"1881","0","37.2028.N.N"
"1882","0","37.2044.N.N"
"1883","0.06","37.2071.N.N"
"1884","0","37.2079.N.N"
"1885","0","37.2080.N.N"
"1886","0.07","37.2082.N.N"
"1887","0","37.2084.N.N"
"1888","0","37.2090.N.N"
"1889","0","37.2091.N.N"
"1890","0.03","37.2092.N.N"
"1891","0","37.2097.N.N"
"1892","0","37.2099.N.N"
"1893","0","37.2102.N.N"
"1894","0.01","37.2103.N.N"
"1895","0","37.2109.N.N"
"1896","0.08","37.2110.N.N"
"1897","0.01","37.2124.N.N"
"1898","0.27","37.2135.N.N"
"1899","0","37.2147.N.N"
"1900","0","37.2158.N.N"
"1901","0.01","37.2165.N.N"
"1902","0","37.2168.N.N"
"1903","0","37.2169.N.N"
"1904","0.02","37.2171.N.N"
"1905","0.36","37.2173.N.N"
"1906","0","37.2174.N.N"
"1907","0.04","40.20.A.1"
"1908","0.01","40.33.A.1"
"1909","0.09","40.35.A.1"
"1910","0.05","40.49.A.1"
"1911","0.1","40.55.A.1"
"1912","0.13","40.57.A.1"
"1913","0","40.61.A.1"
"1914","0.02","40.66.A.1"
"1915","0","40.69.A.1"
"1916","0.02","40.70.A.1"
"1917","0","40.71.A.1"
"1918","0.24","40.78.A.1"
"1919","0","40.80.A.1"
"1920","0.13","40.86.A.1"
"1921","0","40.87.A.1"
"1922","0","40.88.A.1"
"1923","0","40.89.A.1"
"1924","0.04","40.91.A.1"
"1925","0.02","40.93.A.1"
"1926","0","40.100.A.1"
"1927","0","40.110.A.1"
"1928","0","40.112.A.1"
"1929","0.05","40.113.A.1"
"1930","0","40.115.A.4"
"1931","0.53","40.118.A.1"
"1932","0","40.119.A.1"
"1933","0.07","40.123.A.4"
"1934","0.09","40.124.A.1"
"1935","0","40.127.A.1"
"1936","0.03","40.129.A.1"
"1937","0.02","40.134.A.1"
"1938","0.08","40.138.A.1"
"1939","0","40.143.A.1"
"1940","0","40.145.A.1"
"1941","0.17","40.148.A.1"
"1942","0","40.150.A.1"
"1943","0","40.152.A.1"
"1944","0.03","40.154.A.1"
"1945","0.03","40.156.A.1"
"1946","0.06","40.160.A.1"
"1947","0.02","40.161.A.1"
"1948","0.02","40.172.A.1"
"1949","0","40.182.A.1"
"1950","0.12","40.193.A.1"
"1951","0.01","40.200.A.1"
"1952","0","40.203.A.1"
"1953","0.03","40.206.A.1"
"1954","0.11","40.208.A.1"
"1955","0.06","40.211.A.1"
"1956","0.01","40.230.A.1"
"1957","0.04","40.231.A.1"
"1958","0.05","40.236.A.1"
"1959","0","40.246.A.1"
"1960","0","40.259.A.1"
"1961","0","40.264.A.1"
"1962","0","40.277.A.1"
"1963","0.01","40.285.A.1"
"1964","0","40.298.A.1"
"1965","0.1","40.305.A.1"
"1966","0","40.328.A.1"
"1967","0","40.347.A.1"
"1968","0","40.352.A.1"
"1969","0","40.369.A.1"
"1970","0.15","40.372.A.1"
"1971","0","40.376.A.1"
"1972","0.38","40.382.A.1"
"1973","0.03","40.383.A.4"
"1974","0.09","40.384.A.1"
"1975","0.03","40.387.A.1"
"1976","0.13","40.393.A.1"
"1977","0","40.403.A.1"
"1978","0.05","40.405.A.1"
"1979","0","40.410.A.1"
"1980","0","40.411.A.1"
"1981","0","40.416.A.1"
"1982","0","40.417.A.1"
"1983","0","40.419.A.1"
"1984","0.06","40.422.A.1"
"1985","0.01","40.424.A.1"
"1986","0","40.426.A.1"
"1987","0.05","40.430.A.1"
"1988","0","40.431.A.1"
"1989","0.01","40.434.A.1"
"1990","0.01","40.436.A.1"
"1991","0","40.438.A.1"
"1992","0","40.439.A.1"
"1993","0","40.441.A.1"
"1994","0.05","40.442.A.1"
"1995","0","40.449.A.1"
"1996","0.01","40.454.A.1"
"1997","0.01","40.455.A.1"
"1998","0","40.456.A.1"
"1999","0.01","40.460.A.1"
"2000","0.28","40.462.A.4"
"2001","0","40.466.A.1"
"2002","0.58","40.470.A.1"
"2003","0","40.471.A.1"
"2004","0.04","40.473.A.1"
"2005","0.02","40.476.A.1"
"2006","0.05","40.478.A.1"
"2007","0.01","40.482.A.1"
"2008","0.03","40.489.A.1"
"2009","0","40.503.A.1"
"2010","0","40.505.A.1"
"2011","0.01","40.506.A.1"
"2012","0","40.510.A.1"
"2013","0.01","40.523.A.1"
"2014","0.01","40.524.A.1"
"2015","0.1","40.525.A.1"
"2016","0","40.536.A.1"
"2017","0.01","40.540.A.1"
"2018","0","40.543.A.1"
"2019","0.15","40.545.A.1"
"2020","0","40.547.A.1"
"2021","0.04","40.549.A.1"
"2022","0.01","40.552.A.1"
"2023","0","40.553.A.1"
"2024","0","40.568.A.1"
"2025","0.02","40.575.A.4"
"2026","0.22","40.578.A.1"
"2027","0.03","40.595.A.1"
"2028","0","40.598.A.1"
"2029","0","40.608.A.1"
"2030","0","40.611.A.1"
"2031","0.01","40.612.A.1"
"2032","0","40.617.A.1"
"2033","0","40.622.A.1"
"2034","0.21","40.624.A.1"
"2035","0","40.625.A.1"
"2036","0.07","40.630.A.1"
"2037","0","40.631.A.1"
"2038","0.01","40.635.A.1"
"2039","0.02","40.637.A.1"
"2040","0.09","40.643.A.1"
"2041","0.06","40.661.A.1"
"2042","0.01","40.663.A.1"
"2043","0.27","40.668.A.1"
"2044","0.01","40.675.A.1"
"2045","0","40.678.A.1"
"2046","0.02","40.681.A.1"
"2047","0.01","40.688.A.1"
"2048","0.01","40.693.A.1"
"2049","0","40.697.A.1"
"2050","0","40.706.A.1"
"2051","0","40.711.A.1"
"2052","0.04","40.712.A.1"
"2053","0.02","40.724.A.1"
"2054","0.05","40.726.A.1"
"2055","0","40.731.A.1"
"2056","0.01","40.732.A.1"
"2057","0","40.741.A.1"
"2058","0.02","40.742.A.4"
"2059","0.02","40.745.A.1"
"2060","0.06","40.746.A.1"
"2061","0.01","40.748.A.1"
"2062","0","40.751.A.1"
"2063","0.1","40.753.A.1"
"2064","0","40.758.A.1"
"2065","0.07","40.761.A.1"
"2066","0.12","40.775.A.1"
"2067","0.19","40.776.A.1"
"2068","0","40.777.A.1"
"2069","0","40.782.A.1"
"2070","0","40.783.A.1"
"2071","0","40.788.A.1"
"2072","0.16","40.793.A.1"
"2073","0.06","40.795.A.1"
"2074","0.39","40.814.A.1"
"2075","0.13","40.817.A.1"
"2076","0","40.819.A.1"
"2077","0.04","40.822.A.1"
"2078","0.01","40.827.A.1"
"2079","0.44","40.834.A.1"
"2080","0","40.839.A.1"
"2081","0.06","40.841.A.1"
"2082","0.11","40.842.A.1"
"2083","0.05","40.855.A.1"
"2084","0.32","40.857.A.1"
"2085","0","40.868.A.1"
"2086","0","40.870.A.1"
"2087","0.02","40.873.A.1"
"2088","0","40.876.A.1"
"2089","0.26","40.877.A.1"
"2090","0","40.878.A.1"
"2091","0","40.893.A.6C"
"2092","0.01","40.900.A.1"
"2093","0","40.905.A.1"
"2094","0","40.943.A.1"
"2095","0","40.958.A.1"
"2096","0","40.971.A.1"
"2097","0.03","40.972.A.4"
"2098","0","40.1021.A.4"
"2099","0","40.1032.A.1"
"2100","0.31","40.1039.A.4"
"2101","0","40.1044.A.1"
"2102","0","40.1046.A.1"
"2103","0","40.1059.A.1"
"2104","0","40.1064.A.1"
"2105","0","40.1072.A.1"
"2106","0","40.1078.A.1"
"2107","0","40.1081.A.1"
"2108","0.01","40.1083.A.1"
"2109","0","40.1084.A.1"
"2110","0.21","40.1095.A.1"
"2111","0","40.1097.A.1"
"2112","0","40.1098.A.1"
"2113","0","40.1100.A.1"
"2114","0","40.1102.A.1"
"2115","0.1","40.1104.A.4"
"2116","0.04","40.1118.A.1"
"2117","0","40.1120.A.1"
"2118","0","40.1123.A.1"
"2119","0","40.1124.A.1"
"2120","0.03","40.1126.A.1"
"2121","0","40.1127.A.1"
"2122","0","40.1128.A.1"
"2123","0","40.1134.A.1"
"2124","0","40.1139.A.1"
"2125","0.03","40.1140.A.1"
"2126","0.2","40.1148.A.1"
"2127","0.28","40.1149.A.1"
"2128","0.02","40.1150.A.4"
"2129","0","40.1152.A.1"
"2130","0.03","40.1161.A.1"
"2131","0","40.1185.A.1"
"2132","0","40.1188.A.4"
"2133","0.06","40.1198.A.1"
"2134","0.03","40.1201.A.1"
"2135","0","40.1202.A.1"
"2136","0","40.1204.A.1"
"2137","0.01","40.1205.A.1"
"2138","0.04","40.1207.A.1"
"2139","0","40.1244.A.1"
"2140","0.04","40.1248.A.1"
"2141","0.08","40.1250.A.1"
"2142","0.2","40.1257.A.1"
"2143","0.29","40.1262.A.1"
"2144","0.02","40.1275.A.1"
"2145","0","40.1276.A.1"
"2146","0.01","40.1277.A.1"
"2147","0","40.1283.A.1"
"2148","0","40.1299.A.4"
"2149","0","40.1310.A.1"
"2150","0","40.1315.A.1"
"2151","0.15","40.1330.A.1"
"2152","0.33","40.1333.A.1"
"2153","0.37","40.1334.A.1"
"2154","0","40.1342.A.1"
"2155","0.08","40.1344.A.1"
"2156","0.04","40.1345.A.1"
"2157","0","40.1354.A.1"
"2158","0.16","40.1358.A.4"
"2159","0","40.1364.A.1"
"2160","0.05","40.1368.A.1"
"2161","0.01","40.1369.A.1"
"2162","0.29","40.1373.A.4"
"2163","0","40.1374.A.1"
"2164","0.02","40.1378.A.1"
"2165","0.1","40.1379.A.1"
"2166","0.25","40.1386.A.1"
"2167","0","40.1401.A.1"
"2168","0","40.1402.A.1"
"2169","0","40.1407.A.1"
"2170","0","40.1410.A.1"
"2171","0","40.1416.A.1"
"2172","0.1","40.1417.A.1"
"2173","0.08","40.1419.A.1"
"2174","0","40.1420.A.4"
"2175","0.28","40.1422.A.1"
"2176","0","40.1431.A.1"
"2177","0.06","40.1436.A.1"
"2178","0","40.1444.A.1"
"2179","0.01","40.1517.A.1"
"2180","0.03","40.1552.A.1"
"2181","0.18","40.1554.A.4"
"2182","0","40.1556.A.1"
"2183","0","40.1563.A.1"
"2184","0.05","40.1564.A.1"
"2185","0.01","40.1566.A.1"
"2186","0.03","40.1568.A.1"
"2187","0","40.1569.A.1"
"2188","0.08","40.1572.A.1"
"2189","0","40.1573.A.4"
"2190","0","40.1576.A.1"
"2191","0","40.1578.A.4"
"2192","0.09","40.1583.A.1"
"2193","0.05","40.1584.A.1"
"2194","0.07","40.1586.A.1"
"2195","0.13","40.1588.A.1"
"2196","0","40.1592.A.1"
"2197","0","40.1599.A.1"
"2198","0.09","40.1610.A.1"
"2199","0","40.1617.A.1"
"2200","0","40.1619.A.1"
"2201","0","40.1620.A.4"
"2202","0","40.1622.A.1"
"2203","0","40.1623.A.1"
"2204","0.1","40.1624.A.1"
"2205","0.07","40.1629.A.1"
"2206","0.1","40.1631.A.1"
"2207","0.06","40.1638.A.1"
"2208","0.07","40.1640.A.1"
"2209","0","40.1644.A.1"
"2210","0","40.1645.A.1"
"2211","0","40.1646.A.1"
"2212","0.14","40.1647.A.1"
"2213","0.26","40.1648.A.1"
"2214","0.11","40.1651.A.1"
"2215","0.32","40.1653.A.1"
"2216","0.01","40.1660.A.1"
"2217","0","40.1661.A.1"
"2218","0","40.1662.A.1"
"2219","0","40.1664.A.1"
"2220","0","40.1717.A.1"
"2221","0","40.1754.A.1"
"2222","0.15","40.1755.A.1"
"2223","0.01","40.1756.A.1"
"2224","0.01","40.1758.A.1"
"2225","0.06","40.1760.A.1"
"2226","0.05","40.1764.A.4"
"2227","0","40.1768.A.1"
"2228","0.01","40.1775.A.1"
"2229","0","40.1777.A.4"
"2230","0.1","40.1778.A.4"
"2231","0.35","40.1779.A.1"
"2232","0.02","40.1781.A.1"
"2233","0","40.1782.A.1"
"2234","0.01","40.1783.A.1"
"2235","0.09","40.1784.A.1"
"2236","0","40.1785.A.1"
"2237","0.17","40.1787.A.1"
"2238","0","40.1788.A.1"
"2239","0","40.1789.A.4"
"2240","0","40.1790.A.1"
"2241","0","40.1794.A.4"
"2242","0","40.1795.A.4"
"2243","0","40.1802.A.4"
"2244","0","40.1803.A.1"
"2245","0.01","40.1809.A.1"
"2246","0.01","40.1811.A.1"
"2247","0","40.1812.A.4"
"2248","0","40.1813.A.1"
"2249","0.01","40.1814.A.1"
"2250","0","40.1818.A.1"
"2251","0","40.1821.A.1"
"2252","0.03","40.1822.A.1"
"2253","0","40.1824.A.1"
"2254","0.33","40.1825.A.1"
"2255","0","40.1827.A.4"
"2256","0.01","40.1828.A.1"
"2257","0","40.1829.A.4"
"2258","0","40.1835.A.1"
"2259","0","40.1836.A.1"
"2260","0","40.1839.A.4"
"2261","0.13","40.1840.A.1"
"2262","0","40.1841.A.1"
"2263","0.1","40.1842.A.4"
"2264","0.01","40.1846.A.4"
"2265","0.01","40.1848.A.1"
"2266","0.01","40.1852.A.1"
"2267","0.12","40.1858.A.1"
"2268","0.03","40.1859.A.4"
"2269","0.09","40.1860.A.4"
"2270","0","40.1865.A.1"
"2271","0.02","40.1869.A.1"
"2272","0.01","40.1872.A.1"
"2273","0","40.1873.A.1"
"2274","0","40.2028.A.1"
"2275","0.03","40.2029.A.1"
"2276","0.01","40.2031.A.1"
"2277","0.05","40.2036.1.1"
"2278","0.04","40.2047.A.1"
"2279","0","40.2056.A.1"
"2280","0","40.2060.A.1"
"2281","0.03","40.2061.1.1"
"2282","0","40.2067.A.1"
"2283","0.62","40.2086.1.1"
"2284","0.19","40.2086.A.1"
"2285","0.04","40.2108.A.1"
"2286","0.18","40.3005.N.N"
"2287","0","40.3011.N.N"
"2288","0","40.3012.N.N"
"2289","0","40.3025.N.N"
"2290","0.16","40.3029.N.N"
"2291","0","40.3034.N.N"
"2292","0.01","40.3038.N.N"
"2293","0.03","40.3039.N.N"
"2294","0.04","40.3040.N.N"
"2295","0.01","40.3041.N.N"
"2296","0","40.3042.N.N"
"2297","0.02","40.3044.N.N"
"2298","0.28","40.3046.N.N"
"2299","0.01","40.3052.N.N"
"2300","0.01","40.3058.N.N"
"2301","0.06","40.3064.N.N"
"2302","0","40.3069.N.N"
"2303","0.04","40.3070.N.N"
"2304","0.02","40.3077.N.N"
"2305","0.08","40.3078.N.N"
"2306","0","40.3083.N.N"
"2307","0.08","40.3091.N.N"
"2308","0","40.3094.N.N"
"2309","0","40.3107.N.N"
"2310","0","40.3109.N.N"
"2311","0","40.3112.N.N"
"2312","0","40.3129.N.N"
"2313","0","40.3133.N.N"
"2314","0","40.3138.N.N"
"2315","0.08","40.3144.N.N"
"2316","0.01","42.1.A.1"
"2317","0.15","42.3.A.1"
"2318","0","42.6.A.1"
"2319","0","42.7.A.1"
"2320","0.01","42.10.A.1"
"2321","0.01","42.11.A.1"
"2322","0.28","42.16.A.1"
"2323","0","42.20.A.1"
"2324","0.08","42.21.A.1"
"2325","0.07","42.23.A.1"
"2326","0.03","42.24.A.1"
"2327","0","42.25.A.4C"
"2328","0","42.28.A.4"
"2329","0.43","42.29.A.1"
"2330","0.03","42.30.A.1"
"2331","0","42.31.A.1"
"2332","0","42.36.A.4"
"2333","0.12","42.38.A.1"
"2334","0","42.44.A.1"
"2335","0.48","42.45.A.1"
"2336","0","42.46.A.4"
"2337","0","42.47.A.1"
"2338","0","42.48.A.1"
"2339","0.11","42.49.A.4"
"2340","0.05","42.51.A.1"
"2341","0","42.53.A.1"
"2342","0.03","42.58.A.1"
"2343","0.04","42.60.A.1"
"2344","0","42.62.A.1"
"2345","0.01","42.64.A.1"
"2346","0","42.66.A.4"
"2347","0.04","42.68.A.1"
"2348","0","42.71.A.1"
"2349","0","42.72.A.1"
"2350","0","42.73.A.4"
"2351","0","42.74.A.4"
"2352","0","42.75.A.1"
"2353","0.01","42.76.A.4"
"2354","0","42.79.A.4"
"2355","0.08","42.87.A.4"
"2356","0","42.90.A.1"
"2357","0","42.92.A.1"
"2358","0.01","42.95.A.1"
"2359","0.06","42.101.A.1"
"2360","0.04","42.104.A.1"
"2361","0","42.107.A.1"
"2362","0","42.109.A.1"
"2363","0","42.110.A.1"
"2364","0.01","42.111.A.1"
"2365","0","42.113.A.1"
"2366","0.03","42.114.A.4"
"2367","0","42.115.A.1"
"2368","0","42.120.A.1"
"2369","0.01","42.121.A.1"
"2370","0.03","42.122.A.1"
"2371","0","42.123.A.1"
"2372","0.17","42.134.A.1"
"2373","0","42.135.A.1"
"2374","0","42.137.A.4"
"2375","0.02","42.140.A.1"
"2376","0.07","42.143.A.1"
"2377","0","42.145.A.1"
"2378","0.1","42.146.A.1"
"2379","0.04","42.153.A.1"
"2380","0.04","42.155.A.4"
"2381","0.03","42.157.A.4"
"2382","0.21","42.163.A.1"
"2383","0","42.166.A.1"
"2384","0","42.174.A.1"
"2385","0.01","42.178.A.1"
"2386","0","42.181.A.1"
"2387","0","42.185.A.1"
"2388","0","42.191.A.1"
"2389","0.04","42.192.A.1"
"2390","0","42.193.A.1"
"2391","0.01","42.197.A.1"
"2392","0.06","42.201.A.1"
"2393","0","42.209.A.1"
"2394","0","42.212.A.1"
"2395","0","42.216.A.1"
"2396","0.08","42.217.A.1"
"2397","0","42.223.A.4"
"2398","0.04","42.233.A.1"
"2399","0","42.235.A.1"
"2400","0.14","42.238.A.1"
"2401","0.04","42.239.A.1"
"2402","0.3","42.240.A.4"
"2403","0.01","42.241.A.1"
"2404","0.03","42.244.A.4"
"2405","0","42.246.A.1"
"2406","0.39","42.251.A.1"
"2407","0","42.254.A.1"
"2408","0","42.255.A.1"
"2409","0.07","42.257.A.1"
"2410","0","42.259.A.1"
"2411","0","42.261.A.1"
"2412","0.33","42.268.A.1"
"2413","0.14","42.269.A.1"
"2414","0","42.273.A.1"
"2415","0","42.274.A.1"
"2416","0.05","42.275.A.1"
"2417","0.03","42.281.A.1"
"2418","0","42.282.A.1"
"2419","0.04","42.283.A.1"
"2420","0","42.284.A.1"
"2421","0.02","42.285.A.1"
"2422","0.05","42.286.A.1"
"2423","0","42.288.A.1"
"2424","0","42.290.A.1"
"2425","0.13","42.297.A.1"
"2426","0.01","42.300.A.1"
"2427","0.01","42.311.A.1"
"2428","0.23","42.313.A.1"
"2429","0","42.315.A.1"
"2430","0.25","42.316.A.1"
"2431","0.42","42.317.A.1"
"2432","0","42.346.A.1"
"2433","0","42.347.A.1"
"2434","0","42.348.A.1"
"2435","0","42.350.A.1"
"2436","0","42.358.A.1"
"2437","0","42.359.A.4"
"2438","0","42.361.A.1"
"2439","0.12","42.362.A.1"
"2440","0.05","42.363.A.1"
"2441","0.03","42.370.A.1"
"2442","0","42.373.A.4"
"2443","0","42.379.A.1"
"2444","0","42.380.A.1"
"2445","0","42.381.A.1"
"2446","0.01","42.383.A.1"
"2447","0.13","42.389.A.1"
"2448","0.05","42.390.A.1"
"2449","0","42.395.A.1"
"2450","0.06","42.400.A.1"
"2451","0.03","42.402.A.1"
"2452","0.04","42.403.A.1"
"2453","0.05","42.405.A.1"
"2454","0.45","42.409.A.1"
"2455","0","42.410.A.1"
"2456","0.13","42.411.A.1"
"2457","0","42.412.A.1"
"2458","0.01","42.414.A.1"
"2459","0.02","42.417.A.1"
"2460","0","42.422.A.1"
"2461","0.01","42.424.A.1"
"2462","0.03","42.425.A.1"
"2463","0","42.427.A.1"
"2464","0","42.428.A.1"
"2465","0.01","42.429.A.1"
"2466","0","42.431.A.1"
"2467","0","42.433.A.1"
"2468","0.01","42.435.A.1"
"2469","0","42.446.A.1"
"2470","0","42.451.A.1"
"2471","0.07","42.454.A.1"
"2472","0.02","42.456.A.1"
"2473","0.04","42.458.A.1"
"2474","0","42.461.A.1"
"2475","0","42.462.A.4"
"2476","0.1","42.464.A.1"
"2477","0.03","42.472.A.1"
"2478","0","42.474.A.1"
"2479","0","42.475.A.1"
"2480","0","42.477.A.1"
"2481","0.03","42.478.A.1"
"2482","0","42.480.A.1"
"2483","0.12","42.484.A.1"
"2484","0.01","42.488.A.1"
"2485","0","42.490.A.1"
"2486","0","42.492.A.1"
"2487","0","42.493.A.1"
"2488","0","42.495.A.1"
"2489","0","42.496.A.1"
"2490","0.04","42.497.A.1"
"2491","0","42.498.A.1"
"2492","0","42.499.A.1"
"2493","0.05","42.502.A.1"
"2494","0","42.503.A.1"
"2495","0.01","42.506.A.1"
"2496","0.03","42.507.A.1"
"2497","0","42.510.A.1"
"2498","0.01","42.513.A.1"
"2499","0.07","42.515.A.1"
"2500","0","42.516.A.4"
"2501","0","42.522.A.1"
"2502","0","42.524.A.1"
"2503","0.01","42.528.A.1"
"2504","0.02","42.529.A.1"
"2505","0","42.530.A.1"
"2506","0","42.532.A.1"
"2507","0","42.536.A.4"
"2508","0","42.537.A.1"
"2509","0","42.539.A.1"
"2510","0.04","42.551.A.1"
"2511","0","42.565.A.4"
"2512","0.04","42.567.A.1"
"2513","0","42.569.A.4"
"2514","0","42.570.A.1"
"2515","0","42.572.A.4"
"2516","0.01","42.575.A.1"
"2517","0","42.579.A.1"
"2518","0.02","42.580.A.1"
"2519","0.01","42.584.A.1"
"2520","0","42.586.A.4"
"2521","0","42.589.A.1"
"2522","0.07","42.590.A.1"
"2523","0.03","42.591.A.1"
"2524","0.11","42.592.A.1"
"2525","0","42.593.A.1"
"2526","0.13","42.594.A.1"
"2527","0.06","42.595.A.1"
"2528","0.22","42.598.A.1"
"2529","0","42.599.A.1"
"2530","0","42.602.A.1"
"2531","0","42.603.A.1"
"2532","0","42.604.A.1"
"2533","0.01","42.606.A.1"
"2534","0.01","42.608.A.1"
"2535","0.09","42.609.A.1"
"2536","0","42.612.A.1"
"2537","0.04","42.615.A.1"
"2538","0","42.616.A.1"
"2539","0.06","42.617.A.1"
"2540","0.01","42.619.A.4C"
"2541","0.01","42.622.A.1"
"2542","0.07","42.624.A.1"
"2543","0","42.628.A.1"
"2544","0","42.629.A.1"
"2545","0.08","42.633.A.1"
"2546","0","42.634.A.1"
"2547","0","42.635.A.1"
"2548","0","42.637.A.4"
"2549","0","42.639.A.1"
"2550","0.12","42.651.A.1"
"2551","0","42.659.A.4"
"2552","0.21","42.661.A.1"
"2553","0","42.669.A.1"
"2554","0","42.670.A.1"
"2555","0","42.683.A.1"
"2556","0","42.684.A.1"
"2557","0","42.688.A.1"
"2558","0","42.691.A.1"
"2559","0.04","42.693.A.1"
"2560","0","42.702.A.4"
"2561","0","42.707.A.1"
"2562","0","42.710.A.1"
"2563","0.2","42.726.A.1"
"2564","0","42.728.A.1"
"2565","0.06","42.729.A.1"
"2566","0.03","42.730.A.1"
"2567","0","42.736.A.1"
"2568","0","42.742.A.4"
"2569","0","42.748.A.1"
"2570","0.15","42.757.A.4"
"2571","0","42.761.A.1"
"2572","0","42.762.A.1"
"2573","0","42.775.A.1"
"2574","0","42.778.A.1"
"2575","0","42.784.A.1"
"2576","0","42.803.A.1"
"2577","0","42.808.A.1"
"2578","0","42.812.A.1"
"2579","0","42.823.A.1"
"2580","0","42.824.A.1"
"2581","0.01","42.825.A.1"
"2582","0","42.826.A.1"
"2583","0","42.838.A.1"
"2584","0.06","42.845.A.1"
"2585","0","42.848.A.1"
"2586","0.01","42.849.A.1"
"2587","0.08","42.850.A.1"
"2588","0","42.856.A.1"
"2589","0.01","42.872.A.1"
"2590","0.02","42.877.A.1"
"2591","0","42.885.A.6C"
"2592","0.05","42.889.A.4"
"2593","0.01","42.893.A.1"
"2594","0.01","42.895.A.1"
"2595","0.05","42.896.A.1"
"2596","0","42.899.A.1"
"2597","0.01","42.900.A.1"
"2598","0.01","42.907.A.1"
"2599","0","42.908.A.1"
"2600","0.24","42.911.A.1"
"2601","0","42.912.A.1"
"2602","0","42.919.A.1"
"2603","0.13","42.923.A.1"
"2604","0","42.934.A.1"
"2605","0","42.938.A.1"
"2606","0.04","42.941.A.1"
"2607","0.15","42.944.A.1"
"2608","0.01","42.946.A.1"
"2609","0.07","42.947.A.1"
"2610","0","42.952.A.1"
"2611","0.23","42.961.A.1"
"2612","0.01","42.968.A.1"
"2613","0.01","42.970.A.1"
"2614","0.02","42.974.A.1"
"2615","0.03","42.979.A.1"
"2616","0.2","42.981.A.1"
"2617","0.03","42.985.A.1"
"2618","0","42.986.A.1"
"2619","0.04","42.989.A.1"
"2620","0","42.992.A.1"
"2621","0.01","42.994.A.1"
"2622","0.01","42.997.A.1"
"2623","0","42.999.A.1"
"2624","0","42.1002.A.1"
"2625","0.01","42.1005.A.1"
"2626","0.06","42.1012.A.1"
"2627","0.01","42.1020.A.1"
"2628","0.02","42.1022.A.1"
"2629","0.05","42.1024.A.1"
"2630","0","42.1028.A.1"
"2631","0.01","42.1032.A.1"
"2632","0","42.1036.A.1"
"2633","0.2","42.1037.A.1"
"2634","0","42.1041.A.1"
"2635","0.47","42.1042.A.1"
"2636","0.24","42.1043.A.1"
"2637","0","42.1044.A.1"
"2638","0.03","42.1057.A.1"
"2639","0","42.1059.A.1"
"2640","0","42.1060.A.1"
"2641","0.02","42.1066.A.1"
"2642","0","42.1071.A.1"
"2643","0.19","42.1075.A.1"
"2644","0.05","42.1076.A.1"
"2645","0","42.1084.A.1"
"2646","0.05","42.1085.A.1"
"2647","0","42.1087.A.1"
"2648","0.01","42.1091.A.1"
"2649","0","42.1092.A.1"
"2650","0.06","42.1093.A.1"
"2651","0.07","42.1097.A.1"
"2652","0.21","42.1098.A.1"
"2653","0","42.1099.A.1"
"2654","0","42.1110.A.1"
"2655","0.11","42.1111.A.1"
"2656","0","42.1112.A.1"
"2657","0","42.1117.A.1"
"2658","0","42.1118.A.1"
"2659","0.04","42.1125.A.1"
"2660","0.02","42.1127.A.1"
"2661","0","42.1134.A.1"
"2662","0.29","42.1147.A.1"
"2663","0","42.1151.A.1"
"2664","0","42.1152.A.1"
"2665","0.02","42.1154.A.1"
"2666","0.03","42.1158.A.1"
"2667","0","42.1162.A.1"
"2668","0.1","42.1166.A.1"
"2669","0","42.1167.A.1"
"2670","0.02","42.1171.A.1"
"2671","0.3","42.1173.A.1"
"2672","0","42.1177.A.1"
"2673","0.1","42.1184.A.1"
"2674","0","42.1190.A.1"
"2675","0.02","42.1198.A.1"
"2676","0","42.1200.A.1"
"2677","0","42.1201.A.4"
"2678","0","42.1202.A.1"
"2679","0.03","42.1204.A.1"
"2680","0","42.1219.A.1"
"2681","0","42.1220.A.1"
"2682","0.02","42.1221.A.1"
"2683","0.07","42.1222.A.1"
"2684","0","42.1225.A.1"
"2685","0.29","42.1234.A.1"
"2686","0.01","42.1241.A.1"
"2687","0.01","42.1244.A.1"
"2688","0.13","42.1267.A.1"
"2689","0.04","42.1285.A.4"
"2690","0","42.1287.A.1"
"2691","0","42.1290.A.1"
"2692","0.01","42.1292.A.1"
"2693","0.01","42.1307.A.1"
"2694","0","42.1316.A.1"
"2695","0","42.1332.A.1"
"2696","0.01","42.1333.A.1"
"2697","0","42.1341.A.1"
"2698","0","42.1343.A.1"
"2699","0","42.1347.A.1"
"2700","0","42.1364.A.1"
"2701","0","42.1365.A.1"
"2702","0","42.1369.A.4"
"2703","0.05","42.1374.A.1"
"2704","0","42.1376.A.1"
"2705","0","42.1378.A.1"
"2706","0","42.1385.A.4"
"2707","0.03","42.1387.A.1"
"2708","0.09","42.1392.A.1"
"2709","0","42.1404.A.1"
"2710","0.08","42.1417.A.1"
"2711","0","42.1421.A.1"
"2712","0","42.1429.A.1"
"2713","0","42.1434.A.4"
"2714","0","42.1438.A.1"
"2715","0","42.1443.A.1"
"2716","0","42.1446.A.1"
"2717","0","42.1451.A.1"
"2718","0","42.1468.A.1"
"2719","0","42.1476.A.1"
"2720","0","42.1477.A.1"
"2721","0.02","42.1483.A.1"
"2722","0","42.1485.A.1"
"2723","0.03","42.1495.A.1"
"2724","0","42.1503.A.1"
"2725","0","42.1505.A.1"
"2726","0","42.1517.A.1"
"2727","0","42.1524.A.1"
"2728","0.01","42.1525.A.1"
"2729","0.02","42.1539.A.1"
"2730","0","42.1553.A.1"
"2731","0","42.1557.A.1"
"2732","0.16","42.1566.A.1"
"2733","0","42.1567.A.1"
"2734","0.02","42.1586.A.1"
"2735","0","42.1596.A.1"
"2736","0","42.1605.A.1"
"2737","0.01","42.1615.A.1"
"2738","0.03","42.1617.A.1"
"2739","0.03","42.1629.A.1"
"2740","0.04","42.1633.A.1"
"2741","0","42.1637.A.1"
"2742","0","42.1641.A.1"
"2743","0.05","42.1650.A.1"
"2744","0","42.1656.A.1"
"2745","0","42.1657.A.4"
"2746","0.04","42.1668.A.1"
"2747","0.1","42.1669.A.1"
"2748","0","42.1672.A.1"
"2749","0","42.1678.A.1"
"2750","0.01","42.1682.A.1"
"2751","0","42.1707.A.1"
"2752","0.4","42.1710.A.1"
"2753","0.12","42.1715.A.1"
"2754","0","42.1717.A.1"
"2755","0.01","42.1732.A.1"
"2756","0","42.1742.A.1"
"2757","0","42.1746.A.4"
"2758","0.01","42.1754.A.1"
"2759","0.01","42.1760.A.1"
"2760","0.02","42.1764.A.4"
"2761","0.01","42.1765.A.1"
"2762","0","42.1787.A.1"
"2763","0.02","42.1789.A.1"
"2764","0","42.1796.A.1"
"2765","0","42.1800.A.1"
"2766","0.01","42.1803.A.1"
"2767","0","42.1810.A.1"
"2768","0","42.1814.A.1"
"2769","0","42.1816.A.4"
"2770","0","42.1820.A.1"
"2771","0.14","42.1824.A.1"
"2772","0","42.1826.A.1"
"2773","0.18","42.1835.A.1"
"2774","0","42.1844.A.1"
"2775","0","42.1848.A.1"
"2776","0","42.1849.A.1"
"2777","0","42.1851.A.1"
"2778","0.02","42.1852.A.1"
"2779","0","42.1860.A.1"
"2780","0","42.1863.A.1"
"2781","0","42.1865.A.1"
"2782","0.01","42.1868.A.1"
"2783","0","42.1876.A.1"
"2784","0.02","42.1877.A.1"
"2785","0.02","42.1878.A.1"
"2786","0","42.1880.A.1"
"2787","0","42.1884.A.1"
"2788","0.16","42.1887.A.1"
"2789","0","42.1888.A.1"
"2790","0.02","42.1893.A.1"
"2791","0.12","42.1894.A.1"
"2792","0","42.1897.A.4"
"2793","0","42.1908.A.1"
"2794","0","42.1915.A.4"
"2795","0","42.1926.A.1"
"2796","0.01","42.1931.A.1"
"2797","0.04","42.1935.A.4"
"2798","0.01","42.1943.A.1"
"2799","0","42.1944.A.1"
"2800","0","42.1945.A.1"
"2801","0","42.1947.A.1"
"2802","0","42.1952.A.1"
"2803","0","42.1964.A.1"
"2804","0.11","42.1966.A.1"
"2805","0","42.1980.A.1"
"2806","0.06","42.1982.A.1"
"2807","0","42.1984.A.1"
"2808","0","42.1993.A.1"
"2809","0.22","42.1997.A.1"
"2810","0","42.1998.A.1"
"2811","0.05","42.1999.A.1"
"2812","0","42.2002.A.1"
"2813","0","42.2006.A.1"
"2814","0.11","42.2008.A.4"
"2815","0","42.2012.A.4"
"2816","0","42.2014.A.1"
"2817","0.01","42.2015.A.1"
"2818","0","42.2017.A.6C"
"2819","0.03","42.2019.A.1"
"2820","0","42.2031.A.1"
"2821","0","42.2032.A.1"
"2822","0","42.2033.A.1"
"2823","0.01","42.2034.A.1"
"2824","0.18","42.2036.A.1"
"2825","0.03","42.2037.A.1"
"2826","0","42.2039.A.1"
"2827","0","42.2041.A.1"
"2828","0","42.2050.A.1"
"2829","0.09","42.2055.A.1"
"2830","0","42.2057.A.1"
"2831","0","42.2065.A.1"
"2832","0.01","42.2069.A.1"
"2833","0","42.2070.A.1"
"2834","0","42.2072.A.1"
"2835","0.01","42.2074.A.1"
"2836","0.02","42.2077.A.1"
"2837","0","42.2079.A.1"
"2838","0","42.2083.A.1"
"2839","0","42.2084.A.1"
"2840","0.01","42.2088.A.1"
"2841","0.02","42.2089.A.1"
"2842","0","42.2090.A.1"
"2843","0.04","42.2091.A.4"
"2844","0","42.2092.A.1"
"2845","0.17","42.2093.A.1"
"2846","0","42.2096.A.4"
"2847","0.25","42.2099.A.1"
"2848","0.01","42.2105.A.1"
"2849","0.01","42.2107.A.1"
"2850","0","42.2109.A.1"
"2851","0","42.2111.A.1"
"2852","0","42.2113.A.1"
"2853","0.01","42.2121.A.1"
"2854","0.16","42.2127.A.1"
"2855","0","42.2128.A.1"
"2856","0","42.2140.A.1"
"2857","0.39","42.2150.A.1"
"2858","0","42.2167.A.1"
"2859","0","42.2190.A.1"
"2860","0.06","42.2205.A.1"
"2861","0.15","42.2211.A.1"
"2862","0.06","42.2217.A.1"
"2863","0","42.2223.A.1"
"2864","0","42.2225.A.1"
"2865","0.02","42.2227.A.1"
"2866","0","42.2228.A.1"
"2867","0","42.2234.A.1"
"2868","0","42.2235.A.1"
"2869","0","42.2236.A.1"
"2870","0","42.2243.A.1"
"2871","0","42.2275.A.1"
"2872","0","42.2277.A.1"
"2873","0","42.2278.A.1"
"2874","0","42.2285.A.4"
"2875","0.01","42.2308.A.1"
"2876","0","42.2317.A.1"
"2877","0","42.2320.A.1"
"2878","0","42.2353.A.1"
"2879","0","42.2367.A.1"
"2880","0","42.2370.A.1"
"2881","0","42.2374.A.1"
"2882","0","42.2376.A.1"
"2883","0","42.2384.A.1"
"2884","0","42.2387.A.1"
"2885","0","42.2389.A.1"
"2886","0","42.2396.A.1"
"2887","0","42.2399.A.4"
"2888","0","42.2405.A.1"
"2889","0","42.2411.A.1"
"2890","0","42.2414.A.1"
"2891","0","42.2416.A.1"
"2892","0","42.2430.A.1"
"2893","0","42.2437.A.1"
"2894","0","42.2488.A.1"
"2895","0.02","42.2521.A.1"
"2896","0","42.2523.A.1"
"2897","0","42.2527.A.1"
"2898","0","42.2529.A.1"
"2899","0.03","42.2531.A.1"
"2900","0","42.2541.A.1"
"2901","0.03","42.2543.A.1"
"2902","0","42.2546.A.1"
"2903","0","42.2558.A.1"
"2904","0","42.2560.A.1"
"2905","0.02","42.2588.A.1"
"2906","0.03","42.3000.A.1"
"2907","0.06","42.3013.A.1"
"2908","0.01","42.3014.A.1"
"2909","0","42.3023.A.1"
"2910","0","42.3024.A.4"
"2911","0.01","42.3026.A.1"
"2912","0","42.3030.A.1"
"2913","0","42.3032.A.1"
"2914","0","42.3042.A.1"
"2915","0.05","42.3043.A.1"
"2916","0.04","42.3047.A.1"
"2917","0","42.3049.A.1"
"2918","0.01","42.3058.A.1"
"2919","0","42.3096.A.1"
"2920","0.01","42.3102.A.1"
"2921","0","42.3115.A.1"
"2922","0.03","42.3117.A.6C"
"2923","0","42.3125.A.1"
"2924","0.01","42.3129.A.1"
"2925","0","42.3132.A.1"
"2926","0","42.3135.A.1"
"2927","0","42.3141.A.1"
"2928","0.01","42.3156.A.1"
"2929","0","42.3167.A.1"
"2930","0","42.3172.A.1"
"2931","0.06","42.3173.A.1"
"2932","0.03","42.3196.A.1"
"2933","0","42.3206.A.1"
"2934","0","42.3210.A.1"
"2935","0.02","42.3211.A.1"
"2936","0","42.3212.A.4"
"2937","0.1","42.3218.A.1"
"2938","0.09","42.3230.A.1"
"2939","0","42.3233.A.1"
"2940","0","42.3257.A.1"
"2941","0.01","42.3266.A.1"
"2942","0","42.3515.N.N"
"2943","0","42.3534.N.N"
"2944","0.05","42.3536.N.N"
"2945","0.04","42.3540.N.N"
"2946","0","42.3541.N.N"
"2947","0.01","42.3545.N.N"
"2948","0.03","42.3548.N.N"
"2949","0.03","42.3552.N.N"
"2950","0","42.3553.N.N"
"2951","0","42.3558.N.N"
"2952","0.1","42.3561.N.N"
"2953","0.02","42.3563.N.N"
"2954","0.02","42.3564.N.N"
"2955","0","42.3565.N.N"
"2956","0","42.3571.N.N"
"2957","0.01","42.3573.N.N"
"2958","0.05","42.3574.N.N"
"2959","0","42.3576.N.N"
"2960","0","42.3577.N.N"
"2961","0","42.3579.N.N"
"2962","0.02","42.3583.N.N"
"2963","0","42.3588.N.N"
"2964","0.11","42.3594.N.N"
"2965","0.1","42.3603.N.N"
"2966","0.01","42.3604.N.N"
"2967","0","42.3623.N.N"
"2968","0","42.3633.N.N"
"2969","0","47.15.A.1"
"2970","0","47.20.A.1"
"2971","0.01","47.53.A.1"
"2972","0","47.65.A.4"
"2973","0.03","47.90.A.1"
"2974","0","47.112.A.1"
"2975","0","47.117.A.1"
"2976","0.03","47.123.A.4"
"2977","0","47.126.A.1"
"2978","0","47.130.A.1"
"2979","0","47.131.A.1"
"2980","0","47.138.A.4"
"2981","0","47.145.A.1"
"2982","0.11","47.156.A.1"
"2983","0.16","47.205.A.4"
"2984","0.05","47.212.A.1"
"2985","0.01","47.214.A.1"
"2986","0","47.223.A.1"
"2987","0.04","47.238.A.1"
"2988","0.03","47.247.A.1"
"2989","0.22","47.252.A.1"
"2990","0.07","47.269.A.1"
"2991","0.07","47.276.A.1"
"2992","0.01","47.284.A.1"
"2993","0","47.292.A.1"
"2994","0.11","47.296.A.1"
"2995","0","47.308.A.1"
"2996","0.35","47.310.A.1"
"2997","0.23","47.328.A.1"
"2998","0.07","47.337.A.1"
"2999","0.01","47.347.A.1"
"3000","0","47.366.A.1"
"3001","0","47.371.A.1"
"3002","0.01","47.386.A.4"
"3003","0.01","47.388.A.1"
"3004","0","47.405.A.1"
"3005","0.01","47.409.A.1"
"3006","0.01","47.438.A.1"
"3007","0","47.451.A.1"
"3008","0.14","47.470.A.1"
"3009","0","47.476.A.1"
"3010","0.04","47.477.A.1"
"3011","0.01","47.487.A.1"
"3012","0","47.491.A.1"
"3013","0.03","47.511.A.1"
"3014","0","47.514.A.1"
"3015","0.03","47.520.A.1"
"3016","0.16","47.523.A.1"
"3017","0.01","47.530.A.1"
"3018","0","47.552.A.1"
"3019","0.56","47.568.A.4"
"3020","0.02","47.577.A.1"
"3021","0","47.585.A.1"
"3022","0","47.587.A.1"
"3023","0.01","47.593.A.1"
"3024","0","47.614.A.1"
"3025","0.1","47.638.A.4"
"3026","0.31","47.643.A.1"
"3027","0.15","47.653.A.1"
"3028","0.46","47.674.A.1"
"3029","0.05","47.684.A.1"
"3030","0","47.700.A.1"
"3031","0","47.712.A.1"
"3032","0.01","47.734.A.4"
"3033","0.01","47.737.A.1"
"3034","0.05","47.746.A.1"
"3035","0.06","47.757.A.1"
"3036","0","47.773.A.1"
"3037","0.06","47.781.A.1"
"3038","0.19","47.783.A.1"
"3039","0","47.802.A.1"
"3040","0","47.807.A.1"
"3041","0.03","47.808.A.1"
"3042","0","47.858.A.1"
"3043","0.26","47.863.A.1"
"3044","0","47.887.A.1"
"3045","0.04","47.898.A.1"
"3046","0","47.919.A.1"
"3047","0.01","47.947.A.1"
"3048","0.12","47.2007.A.1"
"3049","0.12","47.2057.A.1"
"3050","0","47.2070.A.1"
"3051","0","47.2076.A.1"
"3052","0.01","47.2091.A.1"
"3053","0","47.2163.A.4"
"3054","0.04","47.2177.A.1"
"3055","0","47.2208.A.1"
"3056","0.23","47.2258.A.1"
"3057","0.01","47.2268.A.1"
"3058","0","47.2404.A.1"
"3059","0.09","47.2414.A.1"
"3060","0.02","47.2430.A.1"
"3061","0.03","47.2436.A.1"
"3062","0.02","47.2446.A.1"
"3063","0.01","47.2448.A.1"
"3064","0","47.2450.A.1"
"3065","0","47.2500.N.N"
"3066","0","47.2507.N.N"
"3067","0.18","47.2535.N.N"
"3068","0","47.2542.N.N"
"3069","0.13","47.2546.N.N"
"3070","0.03","47.2566.N.N"
"3071","0.06","47.2577.N.N"
"3072","0.1","47.2578.N.N"
"3073","0","49.5.A.1"
"3074","0","49.8.A.4C"
"3075","0","49.13.A.1"
"3076","0.03","49.20.A.1"
"3077","0","49.22.A.1"
"3078","0","49.25.A.1"
"3079","0","49.26.A.1"
"3080","0","49.27.A.1"
"3081","0","49.33.A.1"
"3082","0","49.38.A.4"
"3083","0","49.39.A.1"
"3084","0.01","49.46.A.1"
"3085","0.07","49.48.A.1"
"3086","0.09","49.50.A.1"
"3087","0.05","49.59.A.1"
"3088","0.13","49.65.A.1"
"3089","0.01","49.68.A.1"
"3090","0.02","49.70.A.1"
"3091","0","49.71.A.1"
"3092","0.03","49.72.A.1"
"3093","0","49.74.A.1"
"3094","0","49.75.A.1"
"3095","0","49.80.A.1"
"3096","0.05","49.81.A.1"
"3097","0","49.94.A.1"
"3098","0","49.99.A.1"
"3099","0","49.101.A.1"
"3100","0.02","49.105.A.1"
"3101","0","49.107.A.1"
"3102","0.02","49.112.A.1"
"3103","0","49.126.A.1"
"3104","0","49.128.A.1"
"3105","0.26","49.131.A.1"
"3106","0","49.133.A.1"
"3107","0.01","49.135.A.1"
"3108","0.03","49.137.A.4"
"3109","0","49.144.A.1"
"3110","0","49.150.A.1"
"3111","0.14","49.153.A.1"
"3112","0.03","49.154.A.1"
"3113","0.03","49.155.A.1"
"3114","0.14","49.157.A.4"
"3115","0.03","49.161.A.1"
"3116","0","49.162.A.4"
"3117","0","49.163.A.1"
"3118","0","49.172.A.4"
"3119","0","49.173.A.4C"
"3120","0","49.176.A.1"
"3121","0.08","49.177.A.1"
"3122","0","49.178.A.1"
"3123","0","49.180.A.1"
"3124","0.02","49.181.A.1"
"3125","0","49.195.A.1"
"3126","0.02","49.196.A.1"
"3127","0","49.198.A.1"
"3128","0.01","49.199.A.1"
"3129","0","49.202.A.4"
"3130","0.05","49.205.A.1"
"3131","0.01","49.219.A.4"
"3132","0","49.221.A.1"
"3133","0","49.229.A.1"
"3134","0","49.236.A.1"
"3135","0","49.237.A.1"
"3136","0.04","49.240.A.1"
"3137","0.03","49.257.A.1"
"3138","0","49.261.A.1"
"3139","0.18","49.288.A.1"
"3140","0","49.337.A.1"
"3141","0","49.346.A.4"
"3142","0","49.348.A.1"
"3143","0","49.350.A.1"
"3144","0","49.353.A.1"
"3145","0","49.354.A.1"
"3146","0.01","49.355.A.1"
"3147","0","49.356.A.1"
"3148","0","49.359.A.1"
"3149","0.31","49.361.A.1"
"3150","0","49.363.A.1"
"3151","0.05","49.367.A.1"
"3152","0.07","49.368.A.1"
"3153","0.15","49.380.A.1"
"3154","0.08","49.387.A.1"
"3155","0","49.389.A.1"
"3156","0","49.394.A.1"
"3157","0","49.401.A.1"
"3158","0","49.406.A.4"
"3159","0","49.410.A.1"
"3160","0","49.412.A.1"
"3161","0.15","49.415.A.1"
"3162","0","49.417.A.1"
"3163","0","49.421.A.1"
"3164","0","49.422.A.1"
"3165","0.01","49.426.A.1"
"3166","0","49.429.A.1"
"3167","0","49.430.A.1"
"3168","0.14","49.431.A.1"
"3169","0","49.435.A.4C"
"3170","0","49.443.A.1"
"3171","0.01","49.444.A.4C"
"3172","0.01","49.446.A.1"
"3173","0","49.450.A.1"
"3174","0","49.456.A.1"
"3175","0","49.459.A.1"
"3176","0","49.466.A.1"
"3177","0","49.468.A.1"
"3178","0","49.477.A.4"
"3179","0","49.478.A.1"
"3180","0.01","49.482.A.1"
"3181","0","49.484.A.1"
"3182","0","49.485.A.1"
"3183","0","49.486.A.1"
"3184","0","49.491.A.4"
"3185","0.01","49.493.A.1"
"3186","0.03","49.495.A.1"
"3187","0","49.502.A.1"
"3188","0.42","49.507.A.1"
"3189","0","49.532.A.1"
"3190","0","49.541.A.1"
"3191","0","49.553.A.4"
"3192","0.07","49.554.A.1"
"3193","0.04","49.555.A.1"
"3194","0.31","49.562.A.1"
"3195","0.08","49.583.A.4"
"3196","0.01","49.585.A.1"
"3197","0","49.592.A.1"
"3198","0","49.593.A.1"
"3199","0.03","49.595.A.4"
"3200","0","49.604.A.1"
"3201","0.03","49.608.A.1"
"3202","0","49.616.A.4"
"3203","0","49.624.A.4"
"3204","0","49.625.A.4"
"3205","0.09","49.642.A.1"
"3206","0","49.674.A.1"
"3207","0","49.685.A.1"
"3208","0","49.686.A.4C"
"3209","0","49.699.A.4C"
"3210","0.03","49.700.A.1"
"3211","0","49.703.A.1"
"3212","0","49.705.A.1"
"3213","0","49.710.A.1"
"3214","0","49.718.A.4"
"3215","0.1","49.722.A.1"
"3216","0","49.723.A.1"
"3217","0","49.732.A.1"
"3218","0","49.733.A.1"
"3219","0.05","49.735.A.1"
"3220","0","49.737.A.1"
"3221","0","49.752.A.1"
"3222","0.02","49.753.A.1"
"3223","0","49.769.A.1"
"3224","0","49.778.A.1"
"3225","0.03","49.846.A.1"
"3226","0.03","49.847.A.1"
"3227","0","49.858.A.1"
"3228","0.02","49.861.A.1"
"3229","0","49.867.A.1"
"3230","0","49.868.A.1"
"3231","0.03","49.907.A.1"
"3232","0.03","49.924.A.1"
"3233","0.03","49.926.A.1"
"3234","0.05","49.935.A.1"
"3235","0.03","49.938.A.1"
"3236","0","49.940.A.1"
"3237","0","49.942.A.1"
"3238","0","49.948.A.1"
"3239","0.01","49.989.A.1"
"3240","0.01","49.1024.A.1"
"3241","0.16","49.1041.A.1"
"3242","0","49.1043.A.1"
"3243","0","49.2006.A.4"
"3244","0","49.2019.A.1"
"3245","0.12","49.2029.A.1"
"3246","0","49.2030.A.1"
"3247","0","49.2034.A.6C"
"3248","0","49.2035.A.6C"
"3249","0.01","49.2045.A.1"
"3250","0","49.2046.A.6C"
"3251","0.17","49.2055.A.1"
"3252","0.25","49.2060.A.1"
"3253","0","49.2071.A.1"
"3254","0.01","49.2075.A.6C"
"3255","0","49.2084.A.4"
"3256","0","49.2105.A.1"
"3257","0","49.2116.A.1"
"3258","0","49.2124.A.4"
"3259","0.26","49.2164.A.1"
"3260","0","49.2182.1.4"
"3261","0","49.2182.A.1"
"3262","0.01","49.2197.A.1"
"3263","0","49.2198.A.1"
"3264","0","49.2304.N.N"
"3265","0.02","49.2305.N.N"
"3266","0","49.2307.N.N"
"3267","0","49.2319.N.N"
"3268","0.07","49.2323.N.N"
"3269","0","49.2325.N.N"
"3270","0","49.2332.N.N"
"3271","0","49.2333.N.N"
"3272","0","49.2337.N.N"
"3273","0","49.2340.N.N"
